Date,Product_ID,Product_Category,Sales,Revenue,Price,Quantity_Sold,Marketing_Spend,Customer_Count,Profit,Year,Month,Quarter,Day
2025-10-16,271,3,272.0,29842.0,423.48,23.0,2945.0,286.0,13146.0,2025.0,10.0,4.0,16.0
2024-04-24,73,2,461.0,24015.0,421.12,100.0,9591.0,15.0,17458.0,2024.0,4.0,2.0,24.0
2024-01-26,356,4,264.0,48345.0,438.86,37.0,8952.0,748.0,12674.0,2024.0,1.0,1.0,26.0
2024-10-08,140,2,248.0,14962.0,94.66,46.0,2216.0,439.0,13750.0,2024.0,10.0,4.0,8.0
2024-09-07,429,0,60.0,42161.0,53.31,42.0,6440.0,754.0,10395.0,2024.0,9.0,3.0,7.0
2024-08-16,98,1,421.0,10920.0,68.33,87.0,6775.0,894.0,10594.0,2024.0,8.0,3.0,16.0
2024-05-22,167,2,379.0,27981.0,133.03,66.0,5299.0,253.0,13423.0,2024.0,5.0,2.0,22.0
2024-04-14,540,1,250.0,41375.0,405.13,63.0,7387.0,254.0,121.0,2024.0,4.0,2.0,14.0
2025-07-12,42,3,439.0,29992.0,95.62,95.0,2930.0,445.0,-3174.0,2025.0,7.0,3.0,12.0
2024-03-30,34,0,173.0,15237.0,341.46,58.0,7433.0,594.0,7824.0,2024.0,3.0,1.0,30.0
2025-08-27,108,0,478.0,6681.0,171.14,11.0,9671.0,228.0,3630.0,2025.0,8.0,3.0,27.0
2025-03-08,519,0,114.0,7584.0,49.2,49.0,3308.0,914.0,11210.0,2025.0,3.0,1.0,8.0
2024-02-02,193,1,199.0,10175.0,180.87,79.0,7449.0,950.0,14367.0,2024.0,2.0,1.0,2.0
2024-01-31,390,4,170.0,9071.0,373.38,37.0,1477.0,606.0,7379.0,2024.0,1.0,1.0,31.0
2024-04-05,493,4,221.0,39638.0,157.01,60.0,4097.0,969.0,15215.0,2024.0,4.0,2.0,5.0
2025-06-01,182,3,452.0,24038.0,133.98,22.0,2024.0,588.0,4320.0,2025.0,6.0,2.0,1.0
2025-09-08,282,4,123.0,29140.0,150.56,82.0,1494.0,920.0,5501.0,2025.0,9.0,3.0,8.0
2024-01-28,80,0,389.0,21611.0,426.35,44.0,1870.0,6.0,-2988.0,2024.0,1.0,1.0,28.0
2025-07-28,303,2,84.0,10163.0,237.92,54.0,7362.0,428.0,-4078.0,2025.0,7.0,3.0,28.0
2024-07-22,461,4,18.0,17238.0,433.86,81.0,5946.0,46.0,14348.0,2024.0,7.0,3.0,22.0
2025-07-12,255,2,488.0,6521.0,40.25,52.0,6292.0,752.0,7006.0,2025.0,7.0,3.0,12.0
2025-03-05,170,0,309.0,17263.0,445.27,10.0,8383.0,788.0,6431.0,2025.0,3.0,1.0,5.0
2024-08-13,327,5,306.0,37267.0,252.74,11.0,2619.0,517.0,19315.0,2024.0,8.0,3.0,13.0
2025-04-04,351,4,378.0,40387.0,434.41,21.0,6204.0,35.0,14135.0,2025.0,4.0,2.0,4.0
2025-08-26,322,4,223.0,40322.0,193.93,44.0,9016.0,436.0,-4119.0,2025.0,8.0,3.0,26.0
2024-06-12,393,4,110.0,19672.0,427.85,41.0,2799.0,491.0,7470.0,2024.0,6.0,2.0,12.0
2025-12-15,21,2,178.0,46251.0,73.0,84.0,5491.0,830.0,-1811.0,2025.0,12.0,4.0,15.0
2025-03-08,277,0,127.0,2757.0,104.15,38.0,9265.0,818.0,9029.0,2025.0,3.0,1.0,8.0
2024-12-14,485,1,204.0,44149.0,207.55,91.0,2459.0,714.0,6309.0,2024.0,12.0,4.0,14.0
2024-10-11,205,4,301.0,20768.0,286.85,35.0,2656.0,842.0,6710.0,2024.0,10.0,4.0,11.0
2024-06-08,397,4,436.0,14464.0,453.78,78.0,2369.0,101.0,8498.0,2024.0,6.0,2.0,8.0
2024-08-08,158,3,135.0,34931.0,231.5,83.0,2930.0,464.0,6510.0,2024.0,8.0,3.0,8.0
2024-04-14,55,0,291.0,34392.0,359.26,35.0,6874.0,247.0,16667.0,2024.0,4.0,2.0,14.0
2024-04-04,144,2,345.0,13363.0,390.58,57.0,5047.0,86.0,3002.0,2024.0,4.0,2.0,4.0
2025-01-24,450,4,493.0,26673.0,246.35,100.0,5071.0,572.0,3113.0,2025.0,1.0,1.0,24.0
2024-04-09,548,0,360.0,20368.0,317.36,47.0,7311.0,772.0,2688.0,2024.0,4.0,2.0,9.0
2025-01-02,565,3,182.0,43347.0,92.53,96.0,4731.0,13.0,16236.0,2025.0,1.0,1.0,2.0
2024-12-18,377,4,141.0,4576.0,319.08,76.0,2960.0,710.0,5226.0,2024.0,12.0,4.0,18.0
2024-09-27,10,0,430.0,33432.0,140.4,58.0,2155.0,417.0,-2217.0,2024.0,9.0,3.0,27.0
2025-04-15,449,3,380.0,8388.0,88.46,22.0,57.0,224.0,-2854.0,2025.0,4.0,2.0,15.0
2024-05-07,169,4,388.0,33740.0,247.34,3.0,200.0,368.0,-1250.0,2024.0,5.0,2.0,7.0
2025-01-22,378,2,261.0,42817.0,382.97,17.0,7514.0,303.0,6062.0,2025.0,1.0,1.0,22.0
2025-07-19,501,4,96.0,5653.0,309.17,31.0,8169.0,664.0,-4355.0,2025.0,7.0,3.0,19.0
2024-10-27,497,1,385.0,35621.0,318.58,85.0,8904.0,93.0,12642.0,2024.0,10.0,4.0,27.0
2025-10-05,115,1,417.0,1790.0,204.68,33.0,94.0,17.0,5686.0,2025.0,10.0,4.0,5.0
2025-09-25,305,4,190.0,24664.0,482.84,96.0,9961.0,492.0,-3776.0,2025.0,9.0,3.0,25.0
2025-01-05,340,3,96.0,21740.0,194.74,90.0,8084.0,686.0,10103.0,2025.0,1.0,1.0,5.0
2025-08-14,433,1,81.0,9649.0,23.67,96.0,3897.0,313.0,16553.0,2025.0,8.0,3.0,14.0
2024-07-15,285,1,378.0,26351.0,103.71,11.0,3553.0,166.0,8843.0,2024.0,7.0,3.0,15.0
2025-12-22,175,1,289.0,38249.0,189.69,27.0,9647.0,721.0,13613.0,2025.0,12.0,4.0,22.0
2024-03-12,118,1,260.0,28581.0,11.97,22.0,7794.0,471.0,11867.0,2024.0,3.0,1.0,12.0
2024-02-16,383,2,104.0,24947.0,164.5,51.0,7434.0,879.0,8800.0,2024.0,2.0,1.0,16.0
2025-11-08,279,4,479.0,36806.0,417.45,14.0,6719.0,585.0,3736.0,2025.0,11.0,4.0,8.0
2024-08-21,421,2,465.0,45757.0,99.34,13.0,7239.0,766.0,-4332.0,2024.0,8.0,3.0,21.0
2024-10-23,532,0,287.0,12322.0,339.99,9.0,1300.0,598.0,17805.0,2024.0,10.0,4.0,23.0
2024-03-22,320,0,338.0,31868.0,315.21,61.0,9850.0,25.0,10391.0,2024.0,3.0,1.0,22.0
2024-04-13,305,2,40.0,2093.0,348.29,7.0,107.0,466.0,-4272.0,2024.0,4.0,2.0,13.0
2025-01-24,220,4,278.0,39493.0,175.45,4.0,4009.0,475.0,5371.0,2025.0,1.0,1.0,24.0
2024-10-11,259,0,27.0,5425.0,68.82,99.0,8967.0,791.0,7377.0,2024.0,10.0,4.0,11.0
2025-04-09,214,1,439.0,1903.0,194.86,51.0,4556.0,142.0,13689.0,2025.0,4.0,2.0,9.0
2025-01-08,448,3,48.0,15138.0,87.67,98.0,3401.0,721.0,5565.0,2025.0,1.0,1.0,8.0
2024-06-15,65,1,493.0,3610.0,412.8,11.0,801.0,416.0,13760.0,2024.0,6.0,2.0,15.0
2025-01-14,562,1,428.0,4962.0,152.61,14.0,3028.0,190.0,-1798.0,2025.0,1.0,1.0,14.0
2024-12-29,106,1,352.0,27081.0,148.96,34.0,2429.0,809.0,11002.0,2024.0,12.0,4.0,29.0
2024-08-02,211,0,34.0,34201.0,365.28,80.0,902.0,893.0,-1722.0,2024.0,8.0,3.0,2.0
2025-11-17,262,1,401.0,19775.0,300.2,20.0,5718.0,380.0,17638.0,2025.0,11.0,4.0,17.0
2024-09-30,464,3,13.0,42194.0,172.23,11.0,601.0,642.0,17122.0,2024.0,9.0,3.0,30.0
2025-12-19,323,2,221.0,47702.0,444.55,84.0,2381.0,476.0,1747.0,2025.0,12.0,4.0,19.0
2025-11-30,182,3,80.0,33836.0,497.76,50.0,531.0,721.0,6008.0,2025.0,11.0,4.0,30.0
2024-03-14,253,1,332.0,28759.0,451.18,30.0,9884.0,2.0,11474.0,2024.0,3.0,1.0,14.0
2025-09-15,532,3,128.0,46993.0,182.83,32.0,4889.0,882.0,16868.0,2025.0,9.0,3.0,15.0
2025-10-12,499,0,44.0,27363.0,98.27,95.0,5424.0,643.0,6126.0,2025.0,10.0,4.0,12.0
2024-06-24,360,4,372.0,6401.0,474.3,37.0,1436.0,73.0,460.0,2024.0,6.0,2.0,24.0
2025-06-30,19,3,87.0,42978.0,459.51,57.0,803.0,395.0,15146.0,2025.0,6.0,2.0,30.0
2024-06-16,53,0,121.0,36235.0,118.07,17.0,6831.0,708.0,6905.0,2024.0,6.0,2.0,16.0
2025-01-23,159,4,243.0,11006.0,69.95,68.0,2643.0,544.0,1611.0,2025.0,1.0,1.0,23.0
2024-10-03,206,3,201.0,19184.0,368.37,22.0,4659.0,34.0,11284.0,2024.0,10.0,4.0,3.0
2025-10-17,74,1,40.0,6478.0,296.9,4.0,9747.0,304.0,15822.0,2025.0,10.0,4.0,17.0
2025-12-05,506,4,326.0,21310.0,88.65,5.0,9376.0,437.0,-2532.0,2025.0,12.0,4.0,5.0
2025-07-24,256,0,336.0,6178.0,186.46,85.0,9210.0,771.0,12558.0,2025.0,7.0,3.0,24.0
2024-08-12,568,3,351.0,34508.0,327.02,46.0,2906.0,277.0,2014.0,2024.0,8.0,3.0,12.0
2025-12-02,338,3,488.0,14316.0,23.49,42.0,7460.0,715.0,4416.0,2025.0,12.0,4.0,2.0
2024-11-28,539,4,325.0,11182.0,438.89,61.0,9485.0,969.0,3688.0,2024.0,11.0,4.0,28.0
2024-02-27,0,3,477.0,36152.0,131.62,60.0,5901.0,628.0,-3443.0,2024.0,2.0,1.0,27.0
2024-08-22,437,0,257.0,22413.0,269.69,70.0,587.0,556.0,4742.0,2024.0,8.0,3.0,22.0
2024-02-02,579,0,347.0,26606.0,29.05,35.0,1525.0,590.0,13793.0,2024.0,2.0,1.0,2.0
2024-11-19,354,3,259.0,39432.0,497.37,71.0,4903.0,814.0,8173.0,2024.0,11.0,4.0,19.0
2025-02-14,300,1,18.0,42569.0,332.68,57.0,5289.0,213.0,2401.0,2025.0,2.0,1.0,14.0
2024-10-01,263,1,13.0,43587.0,328.52,18.0,6038.0,807.0,15465.0,2024.0,10.0,4.0,1.0
2024-03-08,31,0,282.0,45633.0,14.77,90.0,6208.0,702.0,19342.0,2024.0,3.0,1.0,8.0
2024-08-04,119,1,292.0,43149.0,346.43,70.0,1108.0,83.0,-1987.0,2024.0,8.0,3.0,4.0
2025-08-03,339,4,220.0,5332.0,211.3,23.0,7001.0,636.0,18517.0,2025.0,8.0,3.0,3.0
2024-08-05,411,3,18.0,46788.0,275.9,77.0,1063.0,344.0,-1896.0,2024.0,8.0,3.0,5.0
2025-11-02,497,4,281.0,29671.0,239.83,59.0,4797.0,754.0,14394.0,2025.0,11.0,4.0,2.0
2025-05-26,326,0,379.0,48838.0,80.8,81.0,7713.0,955.0,6037.0,2025.0,5.0,2.0,26.0
2025-10-20,285,0,284.0,4794.0,317.0,82.0,1999.0,528.0,-2796.0,2025.0,10.0,4.0,20.0
2025-04-14,499,2,156.0,17022.0,154.05,73.0,4496.0,969.0,13560.0,2025.0,4.0,2.0,14.0
2024-05-26,29,4,18.0,6650.0,332.52,56.0,5393.0,932.0,12401.0,2024.0,5.0,2.0,26.0
2024-09-28,127,2,267.0,29474.0,332.93,68.0,8635.0,691.0,10573.0,2024.0,9.0,3.0,28.0
2024-05-22,168,1,426.0,8601.0,138.64,82.0,6779.0,373.0,8995.0,2024.0,5.0,2.0,22.0
2024-09-09,359,4,367.0,30712.0,304.79,82.0,8595.0,910.0,1872.0,2024.0,9.0,3.0,9.0
2025-07-28,85,3,355.0,41127.0,72.9,69.0,3438.0,53.0,6380.0,2025.0,7.0,3.0,28.0
2025-07-05,181,0,230.0,40900.0,416.17,40.0,3425.0,114.0,-2488.0,2025.0,7.0,3.0,5.0
2024-09-26,281,5,422.0,4606.0,56.93,45.0,953.0,393.0,16349.0,2024.0,9.0,3.0,26.0
2025-03-14,314,2,475.0,44652.0,63.28,70.0,9361.0,477.0,11536.0,2025.0,3.0,1.0,14.0
2025-02-12,14,3,64.0,44126.0,57.6,12.0,1436.0,42.0,9185.0,2025.0,2.0,1.0,12.0
2025-01-05,418,4,480.0,49539.0,103.33,57.0,7924.0,375.0,16740.0,2025.0,1.0,1.0,5.0
2024-08-12,402,2,59.0,12511.0,103.88,40.0,9908.0,376.0,12693.0,2024.0,8.0,3.0,12.0
2024-05-21,523,3,278.0,8827.0,135.18,47.0,4705.0,180.0,5267.0,2024.0,5.0,2.0,21.0
2025-05-20,474,3,133.0,47392.0,104.83,34.0,9975.0,573.0,8576.0,2025.0,5.0,2.0,20.0
2024-04-03,105,0,108.0,9992.0,353.2,20.0,5185.0,722.0,8182.0,2024.0,4.0,2.0,3.0
2024-02-18,197,4,327.0,46973.0,151.2,39.0,4254.0,69.0,3233.0,2024.0,2.0,1.0,18.0
2024-04-22,361,1,279.0,1743.0,24.51,2.0,8608.0,575.0,15478.0,2024.0,4.0,2.0,22.0
2024-06-05,6,3,139.0,11736.0,250.7,1.0,9423.0,727.0,11887.0,2024.0,6.0,2.0,5.0
2025-10-04,362,2,427.0,33532.0,107.81,67.0,5797.0,793.0,9851.0,2025.0,10.0,4.0,4.0
2024-06-12,258,4,191.0,23721.0,466.9,98.0,2125.0,210.0,17005.0,2024.0,6.0,2.0,12.0
2025-11-27,56,1,146.0,35275.0,168.65,18.0,9218.0,142.0,12942.0,2025.0,11.0,4.0,27.0
2025-03-08,140,2,417.0,34896.0,6.36,45.0,8132.0,343.0,917.0,2025.0,3.0,1.0,8.0
2025-09-02,551,4,213.0,48236.0,337.46,37.0,8514.0,245.0,-4391.0,2025.0,9.0,3.0,2.0
2024-03-06,72,2,50.0,17990.0,453.91,61.0,8154.0,553.0,15573.0,2024.0,3.0,1.0,6.0
2025-01-29,299,4,201.0,11942.0,418.44,69.0,8069.0,117.0,18046.0,2025.0,1.0,1.0,29.0
2025-01-25,76,1,217.0,25370.0,336.17,2.0,2947.0,665.0,11915.0,2025.0,1.0,1.0,25.0
2025-09-02,429,1,245.0,9318.0,78.83,89.0,9984.0,490.0,1112.0,2025.0,9.0,3.0,2.0
2025-04-24,545,2,299.0,18613.0,49.59,63.0,3812.0,756.0,13902.0,2025.0,4.0,2.0,24.0
2024-09-14,326,3,366.0,8736.0,363.16,62.0,3171.0,771.0,1978.0,2024.0,9.0,3.0,14.0
2024-01-12,184,3,163.0,22955.0,131.67,2.0,1936.0,893.0,19320.0,2024.0,1.0,1.0,12.0
2025-11-27,334,3,360.0,29136.0,119.42,99.0,392.0,983.0,10312.0,2025.0,11.0,4.0,27.0
2024-04-27,473,0,433.0,18824.0,494.39,56.0,7616.0,720.0,3779.0,2024.0,4.0,2.0,27.0
2025-11-29,171,2,444.0,35331.0,151.53,38.0,1932.0,215.0,15903.0,2025.0,11.0,4.0,29.0
2025-07-03,265,2,51.0,5185.0,234.82,77.0,3396.0,772.0,12456.0,2025.0,7.0,3.0,3.0
2024-09-30,547,2,344.0,18232.0,54.41,30.0,6793.0,763.0,15133.0,2024.0,9.0,3.0,30.0
2025-10-18,312,4,449.0,47682.0,91.48,1.0,6783.0,780.0,9212.0,2025.0,10.0,4.0,18.0
2024-12-14,307,1,342.0,38791.0,24.53,71.0,745.0,231.0,13550.0,2024.0,12.0,4.0,14.0
2024-04-24,156,1,398.0,42125.0,148.83,48.0,5468.0,329.0,18809.0,2024.0,4.0,2.0,24.0
2024-10-27,295,0,26.0,6050.0,401.79,25.0,5728.0,362.0,15537.0,2024.0,10.0,4.0,27.0
2025-03-21,361,0,57.0,33515.0,159.79,53.0,9181.0,920.0,-3038.0,2025.0,3.0,1.0,21.0
2025-04-09,244,3,204.0,34474.0,52.02,56.0,185.0,516.0,1574.0,2025.0,4.0,2.0,9.0
2024-01-04,122,2,203.0,24601.0,380.31,51.0,3296.0,697.0,6936.0,2024.0,1.0,1.0,4.0
2024-09-26,394,4,292.0,4633.0,27.72,32.0,4614.0,434.0,10154.0,2024.0,9.0,3.0,26.0
2024-07-01,491,4,38.0,38151.0,333.36,92.0,1111.0,56.0,2876.0,2024.0,7.0,3.0,1.0
2025-06-03,88,2,336.0,11936.0,89.4,95.0,5042.0,65.0,-70.0,2025.0,6.0,2.0,3.0
2024-04-18,567,2,14.0,25096.0,181.98,83.0,4919.0,382.0,19459.0,2024.0,4.0,2.0,18.0
2025-10-02,41,1,369.0,11309.0,221.67,50.0,8301.0,354.0,17456.0,2025.0,10.0,4.0,2.0
2025-10-16,506,0,52.0,7743.0,439.85,29.0,5307.0,498.0,9266.0,2025.0,10.0,4.0,16.0
2025-06-03,517,3,265.0,38611.0,51.01,34.0,100.0,514.0,8443.0,2025.0,6.0,2.0,3.0
2025-09-15,559,2,442.0,45179.0,408.41,11.0,1865.0,540.0,5441.0,2025.0,9.0,3.0,15.0
2024-07-22,264,2,232.0,48368.0,95.52,55.0,5460.0,850.0,-2889.0,2024.0,7.0,3.0,22.0
2025-01-17,515,0,411.0,15968.0,481.34,31.0,6488.0,482.0,1670.0,2025.0,1.0,1.0,17.0
2024-06-14,332,0,179.0,49547.0,139.56,67.0,9321.0,727.0,8514.0,2024.0,6.0,2.0,14.0
2025-07-06,168,2,299.0,34346.0,195.93,98.0,477.0,545.0,3746.0,2025.0,7.0,3.0,6.0
2024-01-01,1,0,58.0,3886.0,400.95,89.0,3178.0,846.0,16169.0,2024.0,1.0,1.0,1.0
2025-09-05,178,1,468.0,1805.0,326.18,88.0,5415.0,546.0,262.0,2025.0,9.0,3.0,5.0
2025-05-15,188,4,480.0,4013.0,60.96,37.0,7849.0,300.0,17506.0,2025.0,5.0,2.0,15.0
2024-04-24,385,2,127.0,24853.0,34.03,96.0,582.0,636.0,2737.0,2024.0,4.0,2.0,24.0
2025-01-06,380,0,118.0,26098.0,471.52,69.0,2224.0,377.0,8299.0,2025.0,1.0,1.0,6.0
2024-11-10,439,4,471.0,10835.0,83.9,35.0,7888.0,820.0,2814.0,2024.0,11.0,4.0,10.0
2024-09-02,318,1,454.0,12728.0,210.93,53.0,2545.0,690.0,-1279.0,2024.0,9.0,3.0,2.0
2024-02-29,569,0,364.0,3317.0,297.42,25.0,7546.0,969.0,-87.0,2024.0,2.0,1.0,29.0
2024-09-03,98,3,464.0,37232.0,402.12,9.0,8797.0,710.0,1288.0,2024.0,9.0,3.0,3.0
2025-08-03,289,1,300.0,47794.0,340.8,24.0,5490.0,829.0,-4093.0,2025.0,8.0,3.0,3.0
2024-03-21,350,2,253.0,49540.0,94.72,18.0,7577.0,964.0,3047.0,2024.0,3.0,1.0,21.0
2024-03-28,313,0,148.0,43972.0,192.98,38.0,6782.0,905.0,5175.0,2024.0,3.0,1.0,28.0
2025-05-12,219,4,33.0,28483.0,182.51,15.0,917.0,68.0,10209.0,2025.0,5.0,2.0,12.0
2024-03-11,213,2,483.0,15713.0,19.26,82.0,8537.0,193.0,10905.0,2024.0,3.0,1.0,11.0
2025-06-29,362,0,48.0,22089.0,343.81,59.0,4904.0,914.0,13344.0,2025.0,6.0,2.0,29.0
2024-05-08,501,0,360.0,17270.0,420.08,80.0,9256.0,906.0,9291.0,2024.0,5.0,2.0,8.0
2024-05-11,355,0,483.0,28279.0,486.86,58.0,5169.0,469.0,8828.0,2024.0,5.0,2.0,11.0
2025-11-06,240,0,153.0,48204.0,69.67,35.0,9096.0,90.0,16198.0,2025.0,11.0,4.0,6.0
2025-05-01,294,0,470.0,21967.0,460.6,90.0,8779.0,83.0,-3788.0,2025.0,5.0,2.0,1.0
2025-07-16,579,2,288.0,18777.0,60.9,80.0,306.0,401.0,1618.0,2025.0,7.0,3.0,16.0
2024-06-18,572,3,298.0,6104.0,208.59,63.0,3412.0,920.0,221.0,2024.0,6.0,2.0,18.0
2024-09-28,120,3,346.0,38456.0,27.76,25.0,9460.0,184.0,3936.0,2024.0,9.0,3.0,28.0
2025-06-24,466,2,26.0,25432.0,134.5,42.0,5434.0,296.0,-530.0,2025.0,6.0,2.0,24.0
2025-09-13,153,3,101.0,8825.0,160.55,3.0,5793.0,982.0,-4046.0,2025.0,9.0,3.0,13.0
2024-08-04,244,5,445.0,45127.0,340.57,7.0,2446.0,79.0,4102.0,2024.0,8.0,3.0,4.0
2025-07-06,148,2,171.0,4451.0,384.93,69.0,4595.0,112.0,16583.0,2025.0,7.0,3.0,6.0
2025-12-07,561,4,18.0,12753.0,290.44,3.0,510.0,169.0,13045.0,2025.0,12.0,4.0,7.0
2024-07-24,508,2,116.0,15626.0,284.68,24.0,5556.0,283.0,766.0,2024.0,7.0,3.0,24.0
2025-12-31,261,4,310.0,34801.0,489.06,14.0,6147.0,115.0,16112.0,2025.0,12.0,4.0,31.0
2025-02-12,202,2,395.0,27275.0,172.46,35.0,2719.0,152.0,18674.0,2025.0,2.0,1.0,12.0
2025-01-17,473,1,430.0,19501.0,52.14,57.0,6382.0,896.0,-3188.0,2025.0,1.0,1.0,17.0
2025-03-24,529,2,213.0,21361.0,332.55,94.0,3070.0,210.0,-2250.0,2025.0,3.0,1.0,24.0
2025-06-13,242,4,485.0,22449.0,128.05,2.0,9751.0,534.0,5286.0,2025.0,6.0,2.0,13.0
2024-05-03,443,4,163.0,37247.0,339.77,12.0,5050.0,643.0,4764.0,2024.0,5.0,2.0,3.0
2024-09-10,519,1,93.0,30933.0,195.51,20.0,5152.0,24.0,-2917.0,2024.0,9.0,3.0,10.0
2024-03-06,433,3,133.0,25177.0,281.38,64.0,4448.0,427.0,6909.0,2024.0,3.0,1.0,6.0
2024-12-12,99,1,300.0,14151.0,493.96,28.0,6780.0,993.0,17009.0,2024.0,12.0,4.0,12.0
2024-01-22,323,1,437.0,20109.0,32.01,44.0,1422.0,699.0,16542.0,2024.0,1.0,1.0,22.0
2025-08-25,19,2,444.0,37949.0,323.48,54.0,8143.0,555.0,-2041.0,2025.0,8.0,3.0,25.0
2025-07-21,82,3,209.0,20917.0,82.68,40.0,3893.0,955.0,8005.0,2025.0,7.0,3.0,21.0
2024-08-23,329,2,356.0,49468.0,425.18,64.0,6088.0,136.0,18731.0,2024.0,8.0,3.0,23.0
2025-08-25,388,4,469.0,41810.0,426.68,48.0,7404.0,486.0,-395.0,2025.0,8.0,3.0,25.0
2024-08-13,212,1,286.0,16897.0,435.36,60.0,4958.0,356.0,2734.0,2024.0,8.0,3.0,13.0
2024-01-08,572,5,179.0,31403.0,42.06,90.0,3541.0,431.0,-1333.0,2024.0,1.0,1.0,8.0
2024-03-13,62,1,206.0,25135.0,248.37,5.0,8603.0,455.0,13709.0,2024.0,3.0,1.0,13.0
2025-12-25,576,2,396.0,39777.0,124.24,43.0,4953.0,756.0,19067.0,2025.0,12.0,4.0,25.0
2025-10-08,553,4,388.0,33332.0,485.22,11.0,2867.0,661.0,11392.0,2025.0,10.0,4.0,8.0
2024-03-01,283,4,81.0,13807.0,29.92,97.0,1838.0,22.0,-1047.0,2024.0,3.0,1.0,1.0
2024-03-10,343,3,362.0,36819.0,323.44,8.0,612.0,194.0,16765.0,2024.0,3.0,1.0,10.0
2024-02-02,295,0,380.0,17064.0,204.62,35.0,3311.0,65.0,14019.0,2024.0,2.0,1.0,2.0
2024-12-04,7,3,50.0,10867.0,121.32,100.0,1517.0,23.0,12211.0,2024.0,12.0,4.0,4.0
2024-03-13,479,4,266.0,1417.0,232.25,51.0,7270.0,893.0,3251.0,2024.0,3.0,1.0,13.0
2024-08-31,260,1,187.0,2566.0,226.81,70.0,408.0,238.0,-2043.0,2024.0,8.0,3.0,31.0
2024-10-12,573,4,37.0,16269.0,429.01,61.0,7907.0,855.0,2801.0,2024.0,10.0,4.0,12.0
2025-05-12,102,2,233.0,23703.0,63.76,25.0,2524.0,533.0,-994.0,2025.0,5.0,2.0,12.0
2024-08-07,44,4,128.0,42677.0,251.2,33.0,3116.0,661.0,5269.0,2024.0,8.0,3.0,7.0
2025-07-06,304,4,439.0,46446.0,328.42,49.0,5572.0,344.0,5790.0,2025.0,7.0,3.0,6.0
2024-05-15,512,2,48.0,1628.0,55.81,2.0,7921.0,422.0,14147.0,2024.0,5.0,2.0,15.0
2025-08-07,166,4,184.0,22955.0,209.11,16.0,8579.0,593.0,19157.0,2025.0,8.0,3.0,7.0
2025-08-13,215,3,319.0,1095.0,280.78,99.0,5084.0,352.0,7777.0,2025.0,8.0,3.0,13.0
2025-04-29,412,3,403.0,44077.0,5.08,92.0,5363.0,672.0,19522.0,2025.0,4.0,2.0,29.0
2024-09-05,463,3,324.0,25659.0,49.99,32.0,2347.0,662.0,19378.0,2024.0,9.0,3.0,5.0
2025-04-29,251,3,498.0,49370.0,304.08,50.0,1609.0,806.0,2731.0,2025.0,4.0,2.0,29.0
2025-02-20,431,4,314.0,48658.0,311.44,99.0,8456.0,335.0,8856.0,2025.0,2.0,1.0,20.0
2024-07-13,49,1,213.0,21153.0,155.78,57.0,2174.0,498.0,2143.0,2024.0,7.0,3.0,13.0
2024-04-06,557,3,406.0,7812.0,256.63,32.0,3361.0,608.0,-273.0,2024.0,4.0,2.0,6.0
2024-04-09,210,3,177.0,14447.0,107.39,95.0,598.0,682.0,-1500.0,2024.0,4.0,2.0,9.0
2024-12-28,563,4,149.0,28513.0,184.85,59.0,8558.0,863.0,3996.0,2024.0,12.0,4.0,28.0
2025-03-09,347,2,411.0,33245.0,31.87,95.0,1897.0,562.0,9400.0,2025.0,3.0,1.0,9.0
2025-04-23,201,2,261.0,10330.0,229.96,13.0,5095.0,469.0,3333.0,2025.0,4.0,2.0,23.0
2024-02-25,415,3,126.0,47638.0,282.27,67.0,721.0,312.0,14316.0,2024.0,2.0,1.0,25.0
2025-11-20,477,0,192.0,19338.0,311.78,86.0,9736.0,581.0,-3168.0,2025.0,11.0,4.0,20.0
2025-10-31,498,1,293.0,7096.0,239.2,27.0,1426.0,136.0,11068.0,2025.0,10.0,4.0,31.0
2025-10-23,317,0,491.0,3877.0,330.3,61.0,5460.0,920.0,12480.0,2025.0,10.0,4.0,23.0
2024-04-10,579,4,202.0,16169.0,359.38,50.0,7649.0,809.0,7278.0,2024.0,4.0,2.0,10.0
2024-03-03,353,4,231.0,35062.0,61.44,88.0,755.0,314.0,17925.0,2024.0,3.0,1.0,3.0
2025-02-16,18,2,105.0,28070.0,380.86,40.0,1689.0,176.0,-1299.0,2025.0,2.0,1.0,16.0
2024-12-13,407,2,358.0,46930.0,114.76,42.0,8529.0,809.0,5370.0,2024.0,12.0,4.0,13.0
2024-04-21,40,4,309.0,25411.0,173.97,21.0,5119.0,267.0,12882.0,2024.0,4.0,2.0,21.0
2024-09-11,149,4,348.0,31045.0,415.79,81.0,368.0,233.0,8886.0,2024.0,9.0,3.0,11.0
2024-07-15,419,4,204.0,6564.0,482.39,94.0,9462.0,496.0,10560.0,2024.0,7.0,3.0,15.0
2024-07-13,458,3,53.0,39061.0,149.53,6.0,5114.0,381.0,17371.0,2024.0,7.0,3.0,13.0
2025-04-04,142,3,326.0,34123.0,352.54,71.0,5257.0,296.0,4100.0,2025.0,4.0,2.0,4.0
2024-05-23,491,1,161.0,9749.0,27.66,67.0,3285.0,789.0,-252.0,2024.0,5.0,2.0,23.0
2024-07-06,278,4,136.0,26844.0,74.52,33.0,4695.0,49.0,10572.0,2024.0,7.0,3.0,6.0
2024-10-12,60,3,375.0,5904.0,359.84,62.0,4532.0,152.0,18451.0,2024.0,10.0,4.0,12.0
2025-04-18,499,2,47.0,39790.0,362.17,82.0,8720.0,362.0,7050.0,2025.0,4.0,2.0,18.0
2024-09-12,420,4,52.0,38212.0,57.95,39.0,5228.0,292.0,5098.0,2024.0,9.0,3.0,12.0
2024-03-18,472,0,147.0,5081.0,307.37,26.0,7227.0,467.0,-4310.0,2024.0,3.0,1.0,18.0
2025-03-29,574,3,88.0,29507.0,97.83,47.0,1927.0,980.0,16148.0,2025.0,3.0,1.0,29.0
2025-07-17,62,4,204.0,44413.0,465.46,7.0,4467.0,171.0,14851.0,2025.0,7.0,3.0,17.0
2024-04-10,287,2,374.0,9566.0,199.48,86.0,2446.0,634.0,-3860.0,2024.0,4.0,2.0,10.0
2024-02-21,109,2,411.0,16517.0,231.24,28.0,2580.0,947.0,19230.0,2024.0,2.0,1.0,21.0
2025-07-07,189,4,88.0,18104.0,359.81,31.0,1875.0,729.0,-3209.0,2025.0,7.0,3.0,7.0
2024-04-05,26,1,209.0,26752.0,210.16,56.0,9168.0,293.0,17006.0,2024.0,4.0,2.0,5.0
2024-08-30,207,2,172.0,46922.0,463.68,42.0,8422.0,187.0,2853.0,2024.0,8.0,3.0,30.0
2024-06-19,521,1,194.0,49192.0,419.55,2.0,1677.0,997.0,3289.0,2024.0,6.0,2.0,19.0
2025-02-20,33,0,64.0,22381.0,296.46,22.0,3384.0,180.0,13111.0,2025.0,2.0,1.0,20.0
2025-05-12,185,3,56.0,21844.0,387.21,36.0,8888.0,860.0,7605.0,2025.0,5.0,2.0,12.0
2025-05-07,227,2,12.0,30671.0,228.0,75.0,5739.0,726.0,5134.0,2025.0,5.0,2.0,7.0
2024-08-06,238,1,492.0,18822.0,330.94,16.0,9000.0,710.0,15937.0,2024.0,8.0,3.0,6.0
2025-02-14,276,2,167.0,16309.0,478.31,51.0,5218.0,927.0,17957.0,2025.0,2.0,1.0,14.0
2024-03-01,96,1,237.0,5894.0,71.64,32.0,4440.0,683.0,6890.0,2024.0,3.0,1.0,1.0
2024-06-17,157,4,194.0,14284.0,251.92,2.0,2319.0,814.0,17454.0,2024.0,6.0,2.0,17.0
2025-01-23,345,4,399.0,9920.0,267.53,6.0,4641.0,158.0,-1001.0,2025.0,1.0,1.0,23.0
2024-01-03,262,3,148.0,39319.0,29.04,75.0,9405.0,166.0,12527.0,2024.0,1.0,1.0,3.0
2025-02-03,579,0,62.0,8141.0,467.98,89.0,4011.0,244.0,2745.0,2025.0,2.0,1.0,3.0
2024-09-28,456,2,77.0,11184.0,420.21,61.0,2806.0,120.0,9496.0,2024.0,9.0,3.0,28.0
2025-04-10,519,0,54.0,7924.0,244.05,89.0,1167.0,43.0,7729.0,2025.0,4.0,2.0,10.0
2024-10-19,117,1,105.0,11772.0,256.62,77.0,5101.0,325.0,-4743.0,2024.0,10.0,4.0,19.0
2025-12-14,115,4,239.0,31543.0,92.72,48.0,8856.0,130.0,3373.0,2025.0,12.0,4.0,14.0
2025-07-23,48,4,295.0,21580.0,291.38,99.0,7268.0,452.0,4859.0,2025.0,7.0,3.0,23.0
2025-11-08,403,3,294.0,27641.0,366.59,12.0,831.0,267.0,-2043.0,2025.0,11.0,4.0,8.0
2025-05-13,579,2,272.0,8912.0,68.55,32.0,2131.0,379.0,19794.0,2025.0,5.0,2.0,13.0
2024-06-07,243,0,218.0,36122.0,196.77,21.0,475.0,189.0,2715.0,2024.0,6.0,2.0,7.0
2024-07-13,408,1,62.0,24480.0,302.27,64.0,7712.0,211.0,4745.0,2024.0,7.0,3.0,13.0
2024-08-10,155,4,55.0,30616.0,254.53,88.0,1735.0,725.0,250.0,2024.0,8.0,3.0,10.0
2024-02-29,325,3,191.0,21205.0,195.41,80.0,6284.0,36.0,9380.0,2024.0,2.0,1.0,29.0
2025-08-16,381,4,293.0,31365.0,489.85,44.0,881.0,682.0,15688.0,2025.0,8.0,3.0,16.0
2025-07-09,93,5,57.0,18367.0,458.38,98.0,1410.0,325.0,5393.0,2025.0,7.0,3.0,9.0
2024-03-03,146,1,315.0,8858.0,382.38,81.0,6987.0,353.0,16116.0,2024.0,3.0,1.0,3.0
2024-11-17,299,2,316.0,6925.0,140.43,8.0,6421.0,152.0,8313.0,2024.0,11.0,4.0,17.0
2024-02-28,423,2,411.0,11329.0,481.98,8.0,2932.0,382.0,-3890.0,2024.0,2.0,1.0,28.0
2024-02-21,160,1,176.0,45961.0,485.39,46.0,9766.0,460.0,3979.0,2024.0,2.0,1.0,21.0
2025-08-21,297,3,452.0,20937.0,229.16,83.0,9711.0,553.0,-2376.0,2025.0,8.0,3.0,21.0
2025-05-03,161,0,207.0,47183.0,71.02,20.0,7304.0,999.0,11111.0,2025.0,5.0,2.0,3.0
2025-05-29,445,3,16.0,46670.0,209.31,90.0,5826.0,167.0,10436.0,2025.0,5.0,2.0,29.0
2025-06-27,5,0,159.0,40538.0,351.51,69.0,5119.0,547.0,19148.0,2025.0,6.0,2.0,27.0
2024-06-10,526,2,221.0,3643.0,375.47,14.0,5444.0,309.0,8531.0,2024.0,6.0,2.0,10.0
2024-02-28,302,4,208.0,15091.0,152.96,17.0,3246.0,125.0,5902.0,2024.0,2.0,1.0,28.0
2025-06-04,181,4,408.0,22482.0,352.24,63.0,8740.0,943.0,18507.0,2025.0,6.0,2.0,4.0
2024-03-23,453,3,53.0,10720.0,431.05,30.0,1286.0,26.0,8840.0,2024.0,3.0,1.0,23.0
2024-03-11,104,0,471.0,47606.0,468.08,72.0,9302.0,954.0,254.0,2024.0,3.0,1.0,11.0
2025-09-01,43,4,296.0,17267.0,318.13,83.0,2159.0,512.0,17887.0,2025.0,9.0,3.0,1.0
2024-03-10,285,3,473.0,24313.0,104.44,97.0,1522.0,787.0,3551.0,2024.0,3.0,1.0,10.0
2025-11-22,219,1,134.0,26968.0,313.96,45.0,7672.0,149.0,11591.0,2025.0,11.0,4.0,22.0
2025-02-17,189,1,276.0,4208.0,175.92,94.0,7464.0,470.0,6529.0,2025.0,2.0,1.0,17.0
2024-05-02,424,2,96.0,45379.0,337.82,25.0,5085.0,951.0,8791.0,2024.0,5.0,2.0,2.0
2024-09-09,462,1,204.0,18050.0,326.79,89.0,7709.0,160.0,18895.0,2024.0,9.0,3.0,9.0
2025-08-15,158,3,96.0,12394.0,479.37,49.0,3796.0,5.0,12947.0,2025.0,8.0,3.0,15.0
2024-02-10,553,4,147.0,27502.0,348.68,93.0,2354.0,757.0,5707.0,2024.0,2.0,1.0,10.0
2025-09-26,191,4,164.0,30635.0,164.58,18.0,4227.0,560.0,9852.0,2025.0,9.0,3.0,26.0
2024-03-24,125,2,147.0,37434.0,62.13,33.0,5954.0,1000.0,17780.0,2024.0,3.0,1.0,24.0
2025-03-05,245,0,262.0,37052.0,179.36,6.0,6423.0,520.0,-4104.0,2025.0,3.0,1.0,5.0
2025-11-04,579,0,84.0,17374.0,242.78,63.0,3004.0,340.0,19968.0,2025.0,11.0,4.0,4.0
2025-08-01,67,4,95.0,31280.0,335.24,57.0,5320.0,723.0,16016.0,2025.0,8.0,3.0,1.0
2025-06-19,151,1,232.0,7678.0,211.65,72.0,7426.0,303.0,16023.0,2025.0,6.0,2.0,19.0
2024-11-19,242,1,151.0,10161.0,375.2,38.0,7987.0,486.0,1020.0,2024.0,11.0,4.0,19.0
2024-09-24,374,4,225.0,8959.0,421.49,70.0,495.0,918.0,15648.0,2024.0,9.0,3.0,24.0
2024-07-28,227,0,163.0,1783.0,146.53,90.0,1070.0,297.0,9529.0,2024.0,7.0,3.0,28.0
2025-11-16,376,1,257.0,5041.0,424.41,63.0,7787.0,993.0,16007.0,2025.0,11.0,4.0,16.0
2024-11-17,187,2,410.0,15567.0,405.11,25.0,1849.0,967.0,-541.0,2024.0,11.0,4.0,17.0
2024-09-01,468,1,49.0,9566.0,263.75,73.0,5758.0,773.0,-4900.0,2024.0,9.0,3.0,1.0
2024-09-28,187,1,194.0,13984.0,17.51,24.0,7842.0,588.0,8128.0,2024.0,9.0,3.0,28.0
2025-02-09,11,1,138.0,27252.0,76.94,70.0,7556.0,683.0,1556.0,2025.0,2.0,1.0,9.0
2024-05-14,542,3,493.0,25395.0,336.78,45.0,2798.0,151.0,15588.0,2024.0,5.0,2.0,14.0
2025-11-18,438,2,136.0,45976.0,103.95,42.0,4624.0,819.0,5012.0,2025.0,11.0,4.0,18.0
2025-10-22,249,4,379.0,42307.0,376.34,94.0,5711.0,579.0,5280.0,2025.0,10.0,4.0,22.0
2024-11-03,172,0,330.0,43250.0,84.66,60.0,9903.0,747.0,13868.0,2024.0,11.0,4.0,3.0
2025-04-13,4,0,263.0,6507.0,146.87,36.0,9415.0,929.0,-2306.0,2025.0,4.0,2.0,13.0
2024-03-15,568,3,325.0,39411.0,420.49,71.0,8322.0,453.0,171.0,2024.0,3.0,1.0,15.0
2024-01-10,459,0,110.0,17962.0,346.84,21.0,1686.0,347.0,3179.0,2024.0,1.0,1.0,10.0
2025-04-14,510,1,244.0,5914.0,151.09,9.0,6646.0,706.0,11920.0,2025.0,4.0,2.0,14.0
2025-09-28,489,0,64.0,2428.0,378.03,68.0,1752.0,116.0,18382.0,2025.0,9.0,3.0,28.0
2024-04-12,399,2,165.0,13959.0,407.94,58.0,9111.0,491.0,-738.0,2024.0,4.0,2.0,12.0
2024-03-16,490,4,13.0,43335.0,55.73,38.0,1162.0,922.0,14464.0,2024.0,3.0,1.0,16.0
2025-07-04,324,3,495.0,30060.0,434.68,34.0,4949.0,42.0,17470.0,2025.0,7.0,3.0,4.0
2024-08-06,545,3,212.0,9440.0,371.05,70.0,8728.0,143.0,8445.0,2024.0,8.0,3.0,6.0
2025-06-02,180,0,180.0,7027.0,433.1,47.0,7552.0,695.0,5466.0,2025.0,6.0,2.0,2.0
2024-09-28,508,3,440.0,22728.0,372.49,59.0,6566.0,565.0,9794.0,2024.0,9.0,3.0,28.0
2024-05-15,523,3,327.0,9029.0,282.83,1.0,9675.0,120.0,10675.0,2024.0,5.0,2.0,15.0
2024-12-23,145,0,204.0,3798.0,122.61,100.0,6773.0,316.0,19090.0,2024.0,12.0,4.0,23.0
2024-03-11,400,2,421.0,31211.0,393.23,82.0,3908.0,26.0,-626.0,2024.0,3.0,1.0,11.0
2024-09-07,525,1,451.0,4318.0,400.42,65.0,3992.0,412.0,3541.0,2024.0,9.0,3.0,7.0
2024-10-18,136,2,235.0,38610.0,333.92,94.0,2605.0,862.0,17526.0,2024.0,10.0,4.0,18.0
2024-06-10,422,3,181.0,29387.0,463.61,24.0,7903.0,226.0,14432.0,2024.0,6.0,2.0,10.0
2025-03-24,121,3,230.0,48476.0,196.84,3.0,6288.0,457.0,5734.0,2025.0,3.0,1.0,24.0
2025-07-10,409,0,427.0,26886.0,478.57,80.0,1082.0,366.0,4233.0,2025.0,7.0,3.0,10.0
2025-12-21,158,4,431.0,33514.0,488.03,47.0,5582.0,95.0,1509.0,2025.0,12.0,4.0,21.0
2025-09-18,496,0,343.0,26082.0,278.3,80.0,9682.0,57.0,8582.0,2025.0,9.0,3.0,18.0
2025-10-31,478,0,314.0,45775.0,11.42,31.0,7063.0,623.0,7045.0,2025.0,10.0,4.0,31.0
2025-06-25,504,1,79.0,28961.0,129.41,42.0,7132.0,657.0,960.0,2025.0,6.0,2.0,25.0
2024-01-09,439,1,163.0,12325.0,312.18,93.0,9293.0,200.0,7894.0,2024.0,1.0,1.0,9.0
2024-04-16,59,0,112.0,19340.0,353.79,25.0,1276.0,959.0,-4248.0,2024.0,4.0,2.0,16.0
2024-05-17,416,1,255.0,30229.0,325.58,68.0,9407.0,786.0,13301.0,2024.0,5.0,2.0,17.0
2024-09-27,579,4,170.0,10740.0,378.78,88.0,7972.0,285.0,16204.0,2024.0,9.0,3.0,27.0
2024-04-28,21,1,100.0,3270.0,275.57,64.0,1873.0,201.0,15054.0,2024.0,4.0,2.0,28.0
2024-04-19,195,1,213.0,41246.0,303.68,99.0,9702.0,24.0,15533.0,2024.0,4.0,2.0,19.0
2025-07-20,516,4,173.0,41578.0,389.19,71.0,9766.0,86.0,2494.0,2025.0,7.0,3.0,20.0
2024-06-08,284,1,159.0,41434.0,482.32,20.0,7584.0,552.0,-2085.0,2024.0,6.0,2.0,8.0
2024-10-15,380,0,365.0,43420.0,92.83,37.0,9094.0,457.0,1496.0,2024.0,10.0,4.0,15.0
2025-09-11,230,4,334.0,20340.0,342.92,42.0,1599.0,694.0,3578.0,2025.0,9.0,3.0,11.0
2024-08-03,484,2,261.0,33695.0,97.55,53.0,7294.0,688.0,17978.0,2024.0,8.0,3.0,3.0
2024-12-17,85,4,304.0,28000.0,91.03,83.0,2886.0,981.0,529.0,2024.0,12.0,4.0,17.0
2025-12-04,187,0,134.0,32393.0,191.71,15.0,6648.0,1000.0,8141.0,2025.0,12.0,4.0,4.0
2025-10-11,208,4,176.0,4996.0,217.11,13.0,1140.0,525.0,15250.0,2025.0,10.0,4.0,11.0
2024-09-27,492,1,202.0,6748.0,280.52,67.0,9801.0,404.0,9054.0,2024.0,9.0,3.0,27.0
2025-06-01,265,4,153.0,19335.0,69.38,85.0,1781.0,200.0,14673.0,2025.0,6.0,2.0,1.0
2025-05-15,115,0,428.0,26101.0,294.07,9.0,9771.0,503.0,3524.0,2025.0,5.0,2.0,15.0
2024-02-22,86,2,211.0,28474.0,168.63,17.0,5364.0,618.0,-2082.0,2024.0,2.0,1.0,22.0
2024-04-04,514,0,196.0,14071.0,356.3,23.0,8098.0,620.0,7056.0,2024.0,4.0,2.0,4.0
2025-10-11,351,1,68.0,43116.0,81.63,5.0,1007.0,524.0,574.0,2025.0,10.0,4.0,11.0
2025-03-09,577,0,487.0,35459.0,81.08,26.0,1483.0,967.0,13587.0,2025.0,3.0,1.0,9.0
2024-10-10,231,0,298.0,17328.0,164.7,14.0,3565.0,58.0,-1155.0,2024.0,10.0,4.0,10.0
2024-02-15,345,1,112.0,42337.0,30.17,63.0,2276.0,931.0,-4538.0,2024.0,2.0,1.0,15.0
2024-01-04,328,1,313.0,36629.0,466.53,25.0,9515.0,683.0,18546.0,2024.0,1.0,1.0,4.0
2024-12-07,171,0,289.0,2279.0,309.73,13.0,3.0,370.0,12230.0,2024.0,12.0,4.0,7.0
2024-05-13,543,0,102.0,26067.0,332.64,5.0,2403.0,408.0,9259.0,2024.0,5.0,2.0,13.0
2025-10-14,107,4,359.0,47751.0,247.82,74.0,2444.0,152.0,9867.0,2025.0,10.0,4.0,14.0
2024-09-25,163,0,403.0,24534.0,288.48,83.0,7421.0,734.0,17072.0,2024.0,9.0,3.0,25.0
2024-06-14,539,2,291.0,32436.0,182.25,50.0,8704.0,875.0,11192.0,2024.0,6.0,2.0,14.0
2025-03-28,311,2,23.0,36685.0,393.1,85.0,4775.0,438.0,-1117.0,2025.0,3.0,1.0,28.0
2025-07-18,527,5,497.0,32763.0,162.34,63.0,6389.0,379.0,2355.0,2025.0,7.0,3.0,18.0
2025-12-23,187,2,382.0,23546.0,113.88,68.0,9468.0,396.0,18382.0,2025.0,12.0,4.0,23.0
2025-03-13,491,0,246.0,38070.0,96.02,80.0,7326.0,382.0,1656.0,2025.0,3.0,1.0,13.0
2025-07-28,573,4,492.0,33924.0,38.75,90.0,3205.0,13.0,1243.0,2025.0,7.0,3.0,28.0
2025-12-08,303,0,418.0,12784.0,50.51,47.0,9343.0,316.0,11192.0,2025.0,12.0,4.0,8.0
2024-06-01,45,2,159.0,2708.0,114.49,29.0,4989.0,457.0,7519.0,2024.0,6.0,2.0,1.0
2025-07-12,91,3,435.0,21897.0,110.61,78.0,7122.0,896.0,-734.0,2025.0,7.0,3.0,12.0
2024-02-06,495,0,364.0,40132.0,169.28,92.0,5640.0,575.0,9133.0,2024.0,2.0,1.0,6.0
2025-01-13,141,4,45.0,15353.0,183.59,10.0,1462.0,90.0,1770.0,2025.0,1.0,1.0,13.0
2025-08-19,564,4,429.0,2920.0,113.13,2.0,9547.0,221.0,14663.0,2025.0,8.0,3.0,19.0
2025-07-19,452,3,444.0,19411.0,377.56,27.0,133.0,746.0,2063.0,2025.0,7.0,3.0,19.0
2024-05-31,480,1,417.0,4839.0,267.6,84.0,8362.0,910.0,4272.0,2024.0,5.0,2.0,31.0
2025-03-16,450,3,417.0,31912.0,498.33,63.0,6622.0,455.0,18812.0,2025.0,3.0,1.0,16.0
2024-05-10,250,4,219.0,35696.0,412.73,11.0,2089.0,760.0,17190.0,2024.0,5.0,2.0,10.0
2024-02-12,554,3,354.0,24424.0,490.66,60.0,4819.0,426.0,1205.0,2024.0,2.0,1.0,12.0
2024-11-11,526,2,265.0,39272.0,9.36,82.0,1022.0,823.0,8707.0,2024.0,11.0,4.0,11.0
2024-02-10,231,1,334.0,11461.0,225.61,47.0,8992.0,296.0,8386.0,2024.0,2.0,1.0,10.0
2025-01-01,54,3,165.0,7562.0,452.73,72.0,870.0,168.0,-218.0,2025.0,1.0,1.0,1.0
2025-11-29,248,3,139.0,44048.0,312.46,54.0,9175.0,746.0,4509.0,2025.0,11.0,4.0,29.0
2025-11-13,165,1,88.0,18467.0,342.86,91.0,1797.0,920.0,2716.0,2025.0,11.0,4.0,13.0
2024-04-15,348,4,376.0,35975.0,163.86,8.0,4623.0,435.0,15240.0,2024.0,4.0,2.0,15.0
2024-12-28,579,0,226.0,49303.0,458.39,79.0,510.0,747.0,9777.0,2024.0,12.0,4.0,28.0
2025-07-27,293,1,414.0,4664.0,472.77,35.0,3854.0,918.0,3136.0,2025.0,7.0,3.0,27.0
2025-02-20,233,4,203.0,15379.0,196.01,68.0,7073.0,425.0,7112.0,2025.0,2.0,1.0,20.0
2025-09-27,449,4,47.0,38728.0,272.42,6.0,9669.0,143.0,14100.0,2025.0,9.0,3.0,27.0
2024-06-07,493,4,239.0,26455.0,145.0,94.0,6459.0,856.0,17422.0,2024.0,6.0,2.0,7.0
2024-08-30,449,3,316.0,24252.0,456.11,10.0,5212.0,602.0,16208.0,2024.0,8.0,3.0,30.0
2024-06-15,164,1,255.0,12384.0,411.94,39.0,6271.0,613.0,10013.0,2024.0,6.0,2.0,15.0
2024-01-26,537,0,283.0,39831.0,225.55,67.0,7130.0,213.0,10364.0,2024.0,1.0,1.0,26.0
2024-07-02,423,2,269.0,21840.0,26.71,13.0,8931.0,311.0,-636.0,2024.0,7.0,3.0,2.0
2024-12-06,236,4,482.0,49372.0,449.65,13.0,3460.0,487.0,5592.0,2024.0,12.0,4.0,6.0
2025-02-25,68,1,481.0,46719.0,100.29,93.0,2841.0,889.0,17708.0,2025.0,2.0,1.0,25.0
2025-11-16,451,3,455.0,24513.0,259.38,30.0,7780.0,538.0,8027.0,2025.0,11.0,4.0,16.0
2024-09-11,148,2,364.0,39768.0,474.36,69.0,2278.0,344.0,17506.0,2024.0,9.0,3.0,11.0
2024-09-30,306,4,224.0,2848.0,87.86,50.0,3083.0,68.0,1953.0,2024.0,9.0,3.0,30.0
2024-06-12,12,3,288.0,47101.0,478.36,25.0,9100.0,956.0,18374.0,2024.0,6.0,2.0,12.0
2025-12-19,408,1,28.0,46911.0,271.3,25.0,6301.0,984.0,7566.0,2025.0,12.0,4.0,19.0
2024-04-20,367,1,414.0,24047.0,8.63,68.0,5902.0,605.0,18214.0,2024.0,4.0,2.0,20.0
2025-01-26,209,2,194.0,38201.0,37.41,85.0,6835.0,775.0,8870.0,2025.0,1.0,1.0,26.0
2024-02-09,403,2,369.0,37936.0,336.82,32.0,2527.0,385.0,19120.0,2024.0,2.0,1.0,9.0
2024-08-15,429,3,425.0,37903.0,433.15,81.0,2056.0,7.0,3396.0,2024.0,8.0,3.0,15.0
2024-07-23,36,0,284.0,13336.0,214.98,23.0,2200.0,420.0,-2607.0,2024.0,7.0,3.0,23.0
2025-04-16,421,3,314.0,33258.0,56.44,72.0,190.0,655.0,-1878.0,2025.0,4.0,2.0,16.0
2024-12-24,538,1,336.0,36528.0,271.19,96.0,1175.0,937.0,13251.0,2024.0,12.0,4.0,24.0
2024-11-08,301,1,478.0,21254.0,352.86,72.0,257.0,280.0,-3075.0,2024.0,11.0,4.0,8.0
2024-01-25,430,4,403.0,3487.0,325.05,14.0,7155.0,570.0,2695.0,2024.0,1.0,1.0,25.0
2025-11-06,259,1,137.0,6915.0,470.18,99.0,2224.0,474.0,10431.0,2025.0,11.0,4.0,6.0
2024-07-16,75,1,346.0,4681.0,374.71,82.0,1387.0,728.0,6609.0,2024.0,7.0,3.0,16.0
2025-02-12,90,3,350.0,16245.0,81.11,74.0,2248.0,582.0,14869.0,2025.0,2.0,1.0,12.0
2024-10-12,20,3,95.0,15339.0,169.2,87.0,7471.0,937.0,14602.0,2024.0,10.0,4.0,12.0
2024-03-12,192,3,341.0,2306.0,48.32,59.0,9902.0,141.0,18251.0,2024.0,3.0,1.0,12.0
2024-10-12,321,4,323.0,35501.0,31.86,90.0,6974.0,205.0,19518.0,2024.0,10.0,4.0,12.0
2024-12-25,74,3,32.0,32325.0,398.14,86.0,2945.0,191.0,-3509.0,2024.0,12.0,4.0,25.0
2025-10-18,579,2,298.0,1044.0,281.25,55.0,7444.0,853.0,-4825.0,2025.0,10.0,4.0,18.0
2025-06-05,149,2,340.0,22740.0,289.61,14.0,8346.0,391.0,3311.0,2025.0,6.0,2.0,5.0
2025-02-13,349,3,356.0,41247.0,117.68,22.0,6948.0,297.0,11532.0,2025.0,2.0,1.0,13.0
2025-11-26,87,0,341.0,14203.0,133.03,24.0,9044.0,568.0,15304.0,2025.0,11.0,4.0,26.0
2025-07-03,247,3,214.0,9551.0,197.08,71.0,7373.0,503.0,7482.0,2025.0,7.0,3.0,3.0
2024-12-05,292,1,395.0,23331.0,316.96,52.0,6303.0,44.0,4912.0,2024.0,12.0,4.0,5.0
2024-01-29,579,1,179.0,47985.0,219.35,65.0,5821.0,843.0,7933.0,2024.0,1.0,1.0,29.0
2024-04-28,448,0,417.0,12630.0,13.36,44.0,3698.0,847.0,16995.0,2024.0,4.0,2.0,28.0
2024-09-24,488,4,230.0,22206.0,338.28,85.0,3044.0,310.0,7153.0,2024.0,9.0,3.0,24.0
2024-07-01,465,2,64.0,4903.0,269.74,21.0,6959.0,855.0,-667.0,2024.0,7.0,3.0,1.0
2025-08-17,579,2,15.0,2436.0,322.5,69.0,9905.0,600.0,13335.0,2025.0,8.0,3.0,17.0
2024-09-28,267,4,60.0,10680.0,311.08,77.0,121.0,312.0,-3653.0,2024.0,9.0,3.0,28.0
2024-02-09,385,3,142.0,39444.0,379.2,57.0,9468.0,506.0,14021.0,2024.0,2.0,1.0,9.0
2024-04-21,488,0,123.0,47182.0,294.88,46.0,8161.0,573.0,877.0,2024.0,4.0,2.0,21.0
2025-09-02,482,3,271.0,10283.0,351.94,41.0,3878.0,758.0,3529.0,2025.0,9.0,3.0,2.0
2025-03-20,102,4,392.0,8269.0,40.93,71.0,8220.0,475.0,566.0,2025.0,3.0,1.0,20.0
2024-11-17,434,2,295.0,24913.0,57.54,48.0,6731.0,28.0,11149.0,2024.0,11.0,4.0,17.0
2025-03-22,61,2,307.0,5753.0,394.51,53.0,8948.0,811.0,6114.0,2025.0,3.0,1.0,22.0
2025-09-12,546,3,362.0,25483.0,154.17,98.0,9442.0,3.0,10338.0,2025.0,9.0,3.0,12.0
2025-06-07,318,1,304.0,47172.0,47.82,82.0,6012.0,158.0,-678.0,2025.0,6.0,2.0,7.0
2024-04-28,406,4,123.0,44393.0,383.81,56.0,548.0,269.0,-2063.0,2024.0,4.0,2.0,28.0
2025-01-29,258,4,238.0,26925.0,221.65,93.0,620.0,308.0,5397.0,2025.0,1.0,1.0,29.0
2025-08-13,177,3,201.0,39405.0,200.58,42.0,9308.0,979.0,18273.0,2025.0,8.0,3.0,13.0
2024-07-13,16,4,210.0,7621.0,332.06,78.0,7917.0,656.0,12380.0,2024.0,7.0,3.0,13.0
2024-09-17,462,2,247.0,23056.0,239.62,31.0,6038.0,855.0,9186.0,2024.0,9.0,3.0,17.0
2024-02-15,235,3,405.0,20776.0,269.07,73.0,1854.0,652.0,-354.0,2024.0,2.0,1.0,15.0
2025-12-26,135,2,357.0,22142.0,72.51,70.0,9507.0,484.0,3532.0,2025.0,12.0,4.0,26.0
2025-03-22,287,0,311.0,9942.0,198.54,28.0,7889.0,128.0,-1172.0,2025.0,3.0,1.0,22.0
2025-07-05,560,4,87.0,29630.0,480.27,71.0,8624.0,915.0,-810.0,2025.0,7.0,3.0,5.0
2025-12-04,229,0,186.0,42894.0,76.32,96.0,4578.0,295.0,11358.0,2025.0,12.0,4.0,4.0
2025-11-17,61,4,22.0,32929.0,340.26,33.0,7617.0,428.0,4207.0,2025.0,11.0,4.0,17.0
2024-07-20,459,2,257.0,43544.0,457.51,47.0,8469.0,184.0,19504.0,2024.0,7.0,3.0,20.0
2025-01-07,232,3,63.0,21793.0,398.53,58.0,1281.0,504.0,6815.0,2025.0,1.0,1.0,7.0
2025-03-17,356,0,161.0,12416.0,366.02,58.0,8574.0,929.0,9093.0,2025.0,3.0,1.0,17.0
2024-12-04,35,4,53.0,46453.0,278.99,93.0,4017.0,251.0,15084.0,2024.0,12.0,4.0,4.0
2025-09-30,579,0,69.0,41220.0,279.76,5.0,7740.0,30.0,19954.0,2025.0,9.0,3.0,30.0
2024-11-17,173,0,435.0,24384.0,66.0,37.0,1279.0,123.0,3642.0,2024.0,11.0,4.0,17.0
2025-11-10,121,2,491.0,15630.0,7.49,77.0,8834.0,784.0,11940.0,2025.0,11.0,4.0,10.0
2024-05-07,79,1,383.0,44616.0,300.34,3.0,9496.0,284.0,5256.0,2024.0,5.0,2.0,7.0
2024-11-03,556,2,82.0,39597.0,270.89,67.0,5119.0,505.0,9279.0,2024.0,11.0,4.0,3.0
2025-06-03,538,3,188.0,12491.0,473.75,18.0,864.0,994.0,406.0,2025.0,6.0,2.0,3.0
2024-11-12,293,4,169.0,25797.0,155.82,39.0,5628.0,69.0,5339.0,2024.0,11.0,4.0,12.0
2025-02-22,442,0,243.0,49103.0,452.26,39.0,176.0,764.0,11098.0,2025.0,2.0,1.0,22.0
2024-11-30,132,4,411.0,46121.0,175.21,29.0,7681.0,371.0,-44.0,2024.0,11.0,4.0,30.0
2024-10-29,392,0,257.0,12646.0,258.71,3.0,7687.0,580.0,15861.0,2024.0,10.0,4.0,29.0
2024-05-10,28,3,253.0,1117.0,114.29,89.0,5431.0,890.0,-3257.0,2024.0,5.0,2.0,10.0
2025-03-06,214,2,234.0,38541.0,101.19,71.0,5782.0,644.0,-130.0,2025.0,3.0,1.0,6.0
2025-11-11,156,2,379.0,26663.0,94.77,66.0,4827.0,703.0,-3212.0,2025.0,11.0,4.0,11.0
2025-01-23,81,2,366.0,38190.0,400.83,72.0,4738.0,488.0,2532.0,2025.0,1.0,1.0,23.0
2025-11-24,514,1,241.0,3122.0,426.86,74.0,2744.0,998.0,1001.0,2025.0,11.0,4.0,24.0
2024-06-27,370,4,173.0,12932.0,426.44,74.0,578.0,711.0,-3825.0,2024.0,6.0,2.0,27.0
2025-09-22,129,3,44.0,40478.0,466.52,20.0,9791.0,838.0,10409.0,2025.0,9.0,3.0,22.0
2025-08-05,40,0,163.0,21854.0,497.18,13.0,4981.0,123.0,3527.0,2025.0,8.0,3.0,5.0
2024-11-04,542,3,32.0,41067.0,233.33,5.0,9235.0,383.0,359.0,2024.0,11.0,4.0,4.0
2025-02-19,503,1,424.0,15476.0,277.08,59.0,4267.0,525.0,18132.0,2025.0,2.0,1.0,19.0
2025-07-15,363,0,373.0,42919.0,148.87,46.0,1006.0,751.0,10307.0,2025.0,7.0,3.0,15.0
2024-01-01,130,0,68.0,38063.0,38.34,20.0,7752.0,590.0,9300.0,2024.0,1.0,1.0,1.0
2024-11-07,384,1,21.0,7822.0,53.61,18.0,9472.0,18.0,-1199.0,2024.0,11.0,4.0,7.0
2024-10-20,134,4,444.0,33517.0,364.17,34.0,2770.0,866.0,11217.0,2024.0,10.0,4.0,20.0
2024-08-03,531,0,185.0,10217.0,246.16,47.0,9385.0,266.0,-3664.0,2024.0,8.0,3.0,3.0
2025-03-16,572,4,341.0,22703.0,168.77,75.0,845.0,167.0,9467.0,2025.0,3.0,1.0,16.0
2025-08-16,147,1,65.0,49846.0,68.47,32.0,4780.0,596.0,6682.0,2025.0,8.0,3.0,16.0
2025-09-13,210,3,356.0,6099.0,329.46,30.0,447.0,60.0,18233.0,2025.0,9.0,3.0,13.0
2025-11-01,507,0,419.0,16597.0,54.52,33.0,4699.0,150.0,13378.0,2025.0,11.0,4.0,1.0
2024-11-25,97,4,94.0,23728.0,311.66,39.0,7942.0,328.0,10899.0,2024.0,11.0,4.0,25.0
2025-03-28,391,4,389.0,12002.0,162.3,74.0,2077.0,900.0,11154.0,2025.0,3.0,1.0,28.0
2025-03-28,1,0,134.0,42693.0,228.07,52.0,8283.0,710.0,-1314.0,2025.0,3.0,1.0,28.0
2025-06-07,95,3,292.0,44910.0,294.16,94.0,4129.0,168.0,-949.0,2025.0,6.0,2.0,7.0
2025-04-29,84,0,91.0,42884.0,284.95,10.0,2171.0,55.0,6455.0,2025.0,4.0,2.0,29.0
2024-06-22,352,4,179.0,48794.0,185.42,93.0,4603.0,280.0,-1934.0,2024.0,6.0,2.0,22.0
2025-11-05,158,3,296.0,23003.0,161.58,42.0,4509.0,370.0,1675.0,2025.0,11.0,4.0,5.0
2024-10-17,114,4,500.0,1746.0,7.39,23.0,232.0,652.0,919.0,2024.0,10.0,4.0,17.0
2025-06-11,70,4,246.0,18380.0,126.86,63.0,1827.0,934.0,514.0,2025.0,6.0,2.0,11.0
2025-11-10,440,2,128.0,14741.0,114.66,89.0,9893.0,979.0,19573.0,2025.0,11.0,4.0,10.0
2025-10-10,570,3,418.0,17353.0,371.21,90.0,2860.0,365.0,11670.0,2025.0,10.0,4.0,10.0
2025-09-26,13,0,217.0,46427.0,220.88,74.0,9695.0,50.0,3938.0,2025.0,9.0,3.0,26.0
2024-12-09,85,4,332.0,5442.0,420.85,13.0,2476.0,297.0,13456.0,2024.0,12.0,4.0,9.0
2024-04-05,7,2,104.0,23969.0,71.48,77.0,7317.0,299.0,16729.0,2024.0,4.0,2.0,5.0
2024-08-28,226,0,105.0,17820.0,367.82,83.0,6058.0,543.0,14191.0,2024.0,8.0,3.0,28.0
2025-11-19,517,3,337.0,8080.0,439.55,39.0,2873.0,655.0,1959.0,2025.0,11.0,4.0,19.0
2024-08-18,152,0,231.0,1083.0,182.58,94.0,3869.0,79.0,-4865.0,2024.0,8.0,3.0,18.0
2024-07-22,386,0,212.0,4155.0,156.21,74.0,7944.0,527.0,12236.0,2024.0,7.0,3.0,22.0
2024-05-30,206,1,24.0,26292.0,278.08,49.0,2962.0,199.0,13703.0,2024.0,5.0,2.0,30.0
2024-01-26,8,2,387.0,29719.0,92.01,11.0,8640.0,785.0,916.0,2024.0,1.0,1.0,26.0
2024-02-17,114,0,324.0,49010.0,305.28,100.0,542.0,644.0,8645.0,2024.0,2.0,1.0,17.0
2024-09-07,166,3,462.0,28502.0,421.69,8.0,5617.0,188.0,-2483.0,2024.0,9.0,3.0,7.0
2025-05-01,30,1,111.0,11901.0,430.06,99.0,1382.0,784.0,3066.0,2025.0,5.0,2.0,1.0
2025-09-17,82,0,240.0,28133.0,74.3,43.0,2376.0,97.0,11322.0,2025.0,9.0,3.0,17.0
2024-03-15,487,0,313.0,33314.0,271.62,45.0,9757.0,614.0,17180.0,2024.0,3.0,1.0,15.0
2025-02-28,343,1,209.0,24018.0,443.74,54.0,8125.0,172.0,5769.0,2025.0,2.0,1.0,28.0
2025-10-06,72,1,12.0,36784.0,42.85,16.0,6765.0,557.0,-4150.0,2025.0,10.0,4.0,6.0
2025-08-12,490,2,370.0,25598.0,42.32,99.0,6277.0,331.0,4315.0,2025.0,8.0,3.0,12.0
2024-07-18,37,0,119.0,7647.0,14.22,30.0,3898.0,894.0,17325.0,2024.0,7.0,3.0,18.0
2025-12-14,310,2,115.0,32423.0,256.05,96.0,7211.0,324.0,17303.0,2025.0,12.0,4.0,14.0
2025-01-28,290,1,152.0,38883.0,20.44,84.0,2740.0,847.0,-1003.0,2025.0,1.0,1.0,28.0
2025-05-21,510,2,395.0,43661.0,293.04,78.0,3454.0,866.0,7916.0,2025.0,5.0,2.0,21.0
2025-02-13,228,3,370.0,46033.0,205.54,2.0,9465.0,702.0,7240.0,2025.0,2.0,1.0,13.0
2024-09-06,337,4,424.0,15783.0,297.07,82.0,5653.0,820.0,14344.0,2024.0,9.0,3.0,6.0
2025-12-05,291,3,305.0,5830.0,274.02,49.0,1900.0,702.0,38.0,2025.0,12.0,4.0,5.0
2024-04-19,138,3,419.0,20327.0,238.69,40.0,2745.0,705.0,-2344.0,2024.0,4.0,2.0,19.0
2025-03-11,405,0,456.0,2315.0,388.72,68.0,7602.0,372.0,10080.0,2025.0,3.0,1.0,11.0
2024-08-12,24,0,284.0,21887.0,186.08,6.0,6533.0,99.0,18190.0,2024.0,8.0,3.0,12.0
2024-06-29,482,3,105.0,18113.0,115.54,41.0,7802.0,548.0,16611.0,2024.0,6.0,2.0,29.0
2025-12-13,513,2,197.0,7863.0,387.21,70.0,4937.0,594.0,10723.0,2025.0,12.0,4.0,13.0
2025-06-14,570,1,176.0,5862.0,367.95,73.0,7803.0,361.0,9878.0,2025.0,6.0,2.0,14.0
2025-04-20,438,0,110.0,23400.0,149.04,20.0,8724.0,844.0,15589.0,2025.0,4.0,2.0,20.0
2024-02-21,341,1,244.0,12148.0,235.03,42.0,3828.0,148.0,3825.0,2024.0,2.0,1.0,21.0
2025-07-24,190,0,68.0,25606.0,257.65,65.0,6222.0,14.0,14470.0,2025.0,7.0,3.0,24.0
2024-09-12,296,4,144.0,11545.0,201.41,90.0,6390.0,141.0,16561.0,2024.0,9.0,3.0,12.0
2024-05-04,427,3,353.0,48971.0,253.57,29.0,7775.0,531.0,-4810.0,2024.0,5.0,2.0,4.0
2025-04-12,15,0,451.0,5915.0,333.03,20.0,4302.0,289.0,5794.0,2025.0,4.0,2.0,12.0
2024-05-16,35,3,260.0,36851.0,424.75,7.0,2378.0,382.0,-3564.0,2024.0,5.0,2.0,16.0
2025-04-20,579,4,280.0,7101.0,404.24,87.0,8690.0,798.0,16501.0,2025.0,4.0,2.0,20.0
2025-11-14,555,1,337.0,23147.0,308.95,94.0,7122.0,497.0,15393.0,2025.0,11.0,4.0,14.0
2025-07-26,272,0,315.0,41215.0,259.5,58.0,4731.0,349.0,5646.0,2025.0,7.0,3.0,26.0
2024-11-20,68,0,322.0,47170.0,93.68,77.0,6258.0,933.0,19062.0,2024.0,11.0,4.0,20.0
2025-03-29,319,4,210.0,3031.0,474.61,74.0,5172.0,167.0,13650.0,2025.0,3.0,1.0,29.0
2025-09-19,475,4,310.0,29267.0,331.41,65.0,8687.0,105.0,-763.0,2025.0,9.0,3.0,19.0
2025-05-31,287,0,68.0,43836.0,484.03,12.0,672.0,224.0,1926.0,2025.0,5.0,2.0,31.0
2025-03-12,43,3,188.0,11813.0,369.28,29.0,1595.0,159.0,-3405.0,2025.0,3.0,1.0,12.0
2025-07-15,49,1,190.0,40801.0,244.33,56.0,8704.0,516.0,16090.0,2025.0,7.0,3.0,15.0
2025-04-01,204,1,442.0,29455.0,182.6,38.0,5797.0,227.0,4271.0,2025.0,4.0,2.0,1.0
2025-05-01,97,0,326.0,4509.0,246.38,19.0,4466.0,193.0,-3181.0,2025.0,5.0,2.0,1.0
2025-04-05,38,4,98.0,7636.0,36.12,17.0,5488.0,815.0,19372.0,2025.0,4.0,2.0,5.0
2024-09-22,82,1,426.0,22698.0,187.87,44.0,4429.0,919.0,-2683.0,2024.0,9.0,3.0,22.0
2024-09-10,172,4,354.0,14470.0,26.19,11.0,4375.0,573.0,12929.0,2024.0,9.0,3.0,10.0
2025-10-14,413,4,371.0,13450.0,107.35,61.0,1610.0,629.0,14735.0,2025.0,10.0,4.0,14.0
2024-10-10,420,1,419.0,27822.0,454.32,74.0,4183.0,707.0,7497.0,2024.0,10.0,4.0,10.0
2025-06-17,383,3,162.0,46691.0,183.82,96.0,9571.0,852.0,-1968.0,2025.0,6.0,2.0,17.0
2025-10-03,475,3,324.0,48319.0,230.05,71.0,7554.0,539.0,3361.0,2025.0,10.0,4.0,3.0
2024-09-01,207,5,312.0,48839.0,27.99,52.0,3961.0,867.0,833.0,2024.0,9.0,3.0,1.0
2024-10-08,242,0,53.0,36397.0,490.39,34.0,9645.0,545.0,2866.0,2024.0,10.0,4.0,8.0
2025-03-26,392,4,354.0,18384.0,165.42,11.0,3193.0,730.0,8071.0,2025.0,3.0,1.0,26.0
2025-12-31,186,2,170.0,19449.0,263.08,65.0,5528.0,720.0,-4328.0,2025.0,12.0,4.0,31.0
2024-10-19,292,0,70.0,20490.0,415.68,56.0,2947.0,775.0,1823.0,2024.0,10.0,4.0,19.0
2024-08-28,331,0,132.0,16567.0,418.26,100.0,5132.0,822.0,339.0,2024.0,8.0,3.0,28.0
2024-10-05,398,3,166.0,7285.0,135.34,90.0,8972.0,117.0,7730.0,2024.0,10.0,4.0,5.0
2024-12-09,275,3,69.0,4252.0,274.45,17.0,173.0,428.0,8185.0,2024.0,12.0,4.0,9.0
2024-11-23,61,4,103.0,26749.0,91.06,98.0,138.0,472.0,4336.0,2024.0,11.0,4.0,23.0
2025-07-07,520,1,201.0,38471.0,328.57,18.0,1113.0,939.0,16206.0,2025.0,7.0,3.0,7.0
2024-03-23,470,4,365.0,37022.0,185.82,62.0,195.0,79.0,19659.0,2024.0,3.0,1.0,23.0
2024-05-21,73,2,82.0,33174.0,328.4,72.0,6737.0,120.0,16432.0,2024.0,5.0,2.0,21.0
2024-06-03,558,4,271.0,11065.0,418.56,26.0,1600.0,839.0,50.0,2024.0,6.0,2.0,3.0
2024-08-24,434,2,208.0,4572.0,260.75,63.0,8605.0,135.0,-1049.0,2024.0,8.0,3.0,24.0
2025-01-27,432,4,224.0,24647.0,191.28,51.0,1702.0,946.0,4782.0,2025.0,1.0,1.0,27.0
2025-12-11,578,3,315.0,1250.0,454.09,84.0,7306.0,18.0,11084.0,2025.0,12.0,4.0,11.0
2024-06-05,505,4,80.0,29023.0,260.6,74.0,5759.0,492.0,9167.0,2024.0,6.0,2.0,5.0
2025-12-24,361,3,304.0,6742.0,179.68,26.0,3594.0,357.0,19113.0,2025.0,12.0,4.0,24.0
2024-03-06,569,1,226.0,44386.0,246.0,79.0,4127.0,708.0,17444.0,2024.0,3.0,1.0,6.0
2025-02-28,133,0,105.0,41965.0,243.64,95.0,3163.0,372.0,14775.0,2025.0,2.0,1.0,28.0
2025-02-21,275,4,259.0,40335.0,304.08,68.0,557.0,143.0,-698.0,2025.0,2.0,1.0,21.0
2024-12-04,291,0,335.0,32478.0,253.41,32.0,388.0,837.0,6765.0,2024.0,12.0,4.0,4.0
2025-04-22,263,1,365.0,7356.0,86.97,10.0,931.0,912.0,-1851.0,2025.0,4.0,2.0,22.0
2025-03-01,216,2,480.0,2686.0,43.16,35.0,9734.0,612.0,7040.0,2025.0,3.0,1.0,1.0
2024-07-30,292,0,486.0,12195.0,109.7,56.0,9820.0,782.0,1549.0,2024.0,7.0,3.0,30.0
2025-03-06,252,1,98.0,42824.0,97.52,42.0,1995.0,994.0,11043.0,2025.0,3.0,1.0,6.0
2025-02-02,265,5,294.0,20124.0,184.3,88.0,1965.0,351.0,9596.0,2025.0,2.0,1.0,2.0
2024-01-21,199,5,157.0,8569.0,119.02,15.0,2128.0,312.0,3797.0,2024.0,1.0,1.0,21.0
2025-08-12,273,1,81.0,21208.0,406.53,86.0,6159.0,30.0,13450.0,2025.0,8.0,3.0,12.0
2025-01-24,199,2,105.0,27048.0,361.53,53.0,9274.0,763.0,14671.0,2025.0,1.0,1.0,24.0
2025-05-03,444,2,171.0,31863.0,243.35,55.0,3027.0,835.0,8863.0,2025.0,5.0,2.0,3.0
2024-01-07,161,3,441.0,33053.0,242.01,47.0,1816.0,122.0,-2044.0,2024.0,1.0,1.0,7.0
2024-12-26,238,4,240.0,44321.0,109.3,45.0,3018.0,228.0,19788.0,2024.0,12.0,4.0,26.0
2024-11-01,100,3,327.0,18367.0,84.82,25.0,4150.0,132.0,8845.0,2024.0,11.0,4.0,1.0
2025-02-03,460,2,37.0,6972.0,417.52,42.0,4826.0,878.0,7066.0,2025.0,2.0,1.0,3.0
2025-03-05,309,1,453.0,43065.0,16.11,45.0,7650.0,711.0,15115.0,2025.0,3.0,1.0,5.0
2025-07-05,39,2,193.0,36659.0,26.36,77.0,1240.0,146.0,1106.0,2025.0,7.0,3.0,5.0
2025-07-13,55,0,497.0,26396.0,288.88,84.0,7429.0,705.0,9224.0,2025.0,7.0,3.0,13.0
2025-09-09,544,1,14.0,13116.0,84.76,4.0,4528.0,233.0,15666.0,2025.0,9.0,3.0,9.0
2024-08-12,277,3,109.0,25209.0,288.27,22.0,4216.0,215.0,-3675.0,2024.0,8.0,3.0,12.0
2024-10-06,58,1,427.0,13227.0,32.68,45.0,2653.0,134.0,11821.0,2024.0,10.0,4.0,6.0
2025-03-22,489,4,206.0,30214.0,132.84,79.0,1212.0,81.0,6198.0,2025.0,3.0,1.0,22.0
2025-05-12,486,4,297.0,3924.0,94.12,57.0,4543.0,436.0,10188.0,2025.0,5.0,2.0,12.0
2024-01-30,237,4,268.0,18255.0,479.33,80.0,1022.0,708.0,17165.0,2024.0,1.0,1.0,30.0
2025-02-02,530,2,344.0,29818.0,301.68,19.0,6271.0,782.0,2347.0,2025.0,2.0,1.0,2.0
2024-12-10,84,2,263.0,31478.0,283.98,57.0,6366.0,803.0,16220.0,2024.0,12.0,4.0,10.0
2025-11-15,364,0,219.0,18262.0,14.22,6.0,5450.0,115.0,17486.0,2025.0,11.0,4.0,15.0
2025-11-26,579,1,360.0,15827.0,361.18,30.0,984.0,80.0,18384.0,2025.0,11.0,4.0,26.0
2024-06-18,368,2,222.0,37978.0,145.31,88.0,4336.0,794.0,11230.0,2024.0,6.0,2.0,18.0
2025-04-23,368,1,373.0,5039.0,47.45,48.0,2915.0,496.0,12277.0,2025.0,4.0,2.0,23.0
2024-05-10,211,3,440.0,10904.0,227.36,20.0,7218.0,776.0,15629.0,2024.0,5.0,2.0,10.0
2025-09-29,448,1,237.0,46643.0,496.42,97.0,1137.0,442.0,16208.0,2025.0,9.0,3.0,29.0
2025-06-30,79,2,260.0,44743.0,434.31,94.0,8056.0,44.0,12192.0,2025.0,6.0,2.0,30.0
2024-01-28,261,3,95.0,7337.0,89.43,11.0,3287.0,202.0,-2249.0,2024.0,1.0,1.0,28.0
2025-02-07,225,3,52.0,6616.0,416.03,15.0,9999.0,111.0,4525.0,2025.0,2.0,1.0,7.0
2025-08-29,575,5,299.0,44787.0,302.42,95.0,6432.0,34.0,10342.0,2025.0,8.0,3.0,29.0
2025-07-31,444,4,25.0,23530.0,398.33,7.0,2923.0,813.0,9331.0,2025.0,7.0,3.0,31.0
2024-01-28,269,2,399.0,28131.0,95.03,80.0,1776.0,526.0,10650.0,2024.0,1.0,1.0,28.0
2024-03-26,571,4,122.0,39648.0,331.53,19.0,2357.0,608.0,4843.0,2024.0,3.0,1.0,26.0
2025-03-14,29,0,26.0,37280.0,363.47,2.0,7065.0,481.0,-813.0,2025.0,3.0,1.0,14.0
2024-05-18,181,2,150.0,4996.0,174.62,44.0,3578.0,122.0,17423.0,2024.0,5.0,2.0,18.0
2025-04-17,395,4,125.0,26369.0,229.47,89.0,1740.0,931.0,4843.0,2025.0,4.0,2.0,17.0
2024-07-05,198,4,285.0,35247.0,297.35,15.0,7234.0,260.0,3147.0,2024.0,7.0,3.0,5.0
2024-02-21,224,3,157.0,28435.0,118.76,40.0,4243.0,45.0,12140.0,2024.0,2.0,1.0,21.0
2024-09-23,64,0,96.0,36095.0,195.8,58.0,1692.0,68.0,9015.0,2024.0,9.0,3.0,23.0
2025-01-23,379,0,409.0,46027.0,58.74,61.0,571.0,309.0,4682.0,2025.0,1.0,1.0,23.0
2024-12-01,332,3,244.0,32118.0,105.16,3.0,1194.0,684.0,13629.0,2024.0,12.0,4.0,1.0
2024-08-04,132,1,299.0,38533.0,430.5,43.0,1153.0,11.0,-3437.0,2024.0,8.0,3.0,4.0
2025-04-10,102,0,390.0,16443.0,254.66,27.0,9360.0,773.0,13054.0,2025.0,4.0,2.0,10.0
2024-11-30,436,3,405.0,32212.0,212.8,95.0,4105.0,99.0,-2493.0,2024.0,11.0,4.0,30.0
2024-12-11,311,4,402.0,20585.0,79.03,69.0,7305.0,802.0,-3523.0,2024.0,12.0,4.0,11.0
2024-10-11,555,2,291.0,26873.0,240.56,27.0,8154.0,943.0,-1474.0,2024.0,10.0,4.0,11.0
2025-03-07,68,4,271.0,47812.0,309.3,70.0,2438.0,617.0,11733.0,2025.0,3.0,1.0,7.0
2024-09-15,222,1,67.0,3275.0,24.32,67.0,14.0,211.0,8923.0,2024.0,9.0,3.0,15.0
2024-03-24,553,3,303.0,33905.0,393.01,97.0,619.0,602.0,8533.0,2024.0,3.0,1.0,24.0
2025-04-26,364,4,68.0,38435.0,254.15,34.0,6397.0,923.0,-1904.0,2025.0,4.0,2.0,26.0
2024-01-20,232,1,147.0,34870.0,63.17,71.0,4365.0,205.0,10225.0,2024.0,1.0,1.0,20.0
2025-07-06,73,2,406.0,38452.0,243.71,62.0,2483.0,190.0,16654.0,2025.0,7.0,3.0,6.0
2024-02-23,500,4,288.0,45402.0,69.51,80.0,5403.0,687.0,18603.0,2024.0,2.0,1.0,23.0
2024-12-24,176,4,431.0,41650.0,303.72,94.0,6411.0,360.0,13627.0,2024.0,12.0,4.0,24.0
2024-08-17,375,0,197.0,10663.0,414.62,19.0,9414.0,30.0,3302.0,2024.0,8.0,3.0,17.0
2025-10-27,141,1,287.0,8882.0,449.0,89.0,60.0,93.0,6647.0,2025.0,10.0,4.0,27.0
2024-03-11,528,1,431.0,30428.0,388.56,90.0,8444.0,150.0,3351.0,2024.0,3.0,1.0,11.0
2025-10-29,274,0,397.0,12329.0,326.37,86.0,8039.0,867.0,14187.0,2025.0,10.0,4.0,29.0
2024-02-11,553,3,31.0,11955.0,263.41,3.0,7833.0,765.0,-2321.0,2024.0,2.0,1.0,11.0
2024-02-01,367,3,399.0,14886.0,188.34,49.0,7144.0,965.0,11496.0,2024.0,2.0,1.0,1.0
2024-07-23,534,4,235.0,9269.0,267.26,85.0,1148.0,972.0,-1267.0,2024.0,7.0,3.0,23.0
2024-01-21,410,2,289.0,3796.0,118.6,68.0,8849.0,594.0,19265.0,2024.0,1.0,1.0,21.0
2025-09-28,404,5,121.0,28746.0,402.14,6.0,3700.0,357.0,16678.0,2025.0,9.0,3.0,28.0
2024-06-05,451,2,227.0,6135.0,395.83,33.0,54.0,361.0,10167.0,2024.0,6.0,2.0,5.0
2024-09-01,427,1,62.0,45769.0,193.71,22.0,6298.0,165.0,883.0,2024.0,9.0,3.0,1.0
2024-05-09,365,1,386.0,29533.0,296.58,8.0,7898.0,876.0,970.0,2024.0,5.0,2.0,9.0
2025-04-29,13,3,434.0,14232.0,371.99,37.0,1985.0,513.0,7876.0,2025.0,4.0,2.0,29.0
2025-11-16,402,4,344.0,42105.0,381.96,26.0,9293.0,800.0,-3517.0,2025.0,11.0,4.0,16.0
2024-04-27,437,1,394.0,10691.0,349.87,90.0,8770.0,747.0,-2271.0,2024.0,4.0,2.0,27.0
2025-07-31,542,2,136.0,39997.0,53.37,80.0,5880.0,628.0,8639.0,2025.0,7.0,3.0,31.0
2024-08-11,464,4,162.0,17900.0,71.27,35.0,5463.0,248.0,18081.0,2024.0,8.0,3.0,11.0
2025-04-21,168,3,457.0,21955.0,241.18,7.0,4961.0,518.0,4753.0,2025.0,4.0,2.0,21.0
2025-12-17,14,1,26.0,48651.0,120.09,60.0,6563.0,584.0,5287.0,2025.0,12.0,4.0,17.0
2024-09-19,117,3,240.0,5391.0,430.23,84.0,904.0,70.0,14241.0,2024.0,9.0,3.0,19.0
2025-01-12,171,4,144.0,6703.0,145.22,2.0,1485.0,102.0,18727.0,2025.0,1.0,1.0,12.0
2024-06-20,471,4,188.0,26434.0,439.0,9.0,5985.0,840.0,9909.0,2024.0,6.0,2.0,20.0
2025-09-12,500,4,451.0,37461.0,207.28,50.0,8759.0,593.0,19816.0,2025.0,9.0,3.0,12.0
2025-09-13,195,0,428.0,27041.0,98.57,85.0,5571.0,782.0,16963.0,2025.0,9.0,3.0,13.0
2024-04-27,216,0,54.0,37179.0,356.03,35.0,1318.0,15.0,9743.0,2024.0,4.0,2.0,27.0
2024-06-16,223,2,234.0,22373.0,395.76,85.0,7530.0,542.0,15441.0,2024.0,6.0,2.0,16.0
2024-04-20,118,4,70.0,35058.0,63.33,47.0,3327.0,733.0,6184.0,2024.0,4.0,2.0,20.0
2025-08-15,572,1,407.0,31025.0,8.56,14.0,2893.0,197.0,1133.0,2025.0,8.0,3.0,15.0
2024-01-27,93,2,425.0,1810.0,329.0,3.0,9084.0,988.0,1916.0,2024.0,1.0,1.0,27.0
2024-11-15,371,2,131.0,46902.0,345.44,38.0,644.0,289.0,1064.0,2024.0,11.0,4.0,15.0
2025-08-12,437,3,117.0,41832.0,161.37,84.0,6294.0,176.0,-2437.0,2025.0,8.0,3.0,12.0
2025-11-24,253,4,425.0,39507.0,184.32,50.0,3129.0,924.0,19478.0,2025.0,11.0,4.0,24.0
2025-01-19,579,1,387.0,35246.0,81.62,30.0,4896.0,773.0,14793.0,2025.0,1.0,1.0,19.0
2025-02-10,92,3,311.0,28498.0,327.53,49.0,6391.0,551.0,3497.0,2025.0,2.0,1.0,10.0
2024-07-22,579,0,362.0,8374.0,130.55,66.0,1749.0,5.0,17066.0,2024.0,7.0,3.0,22.0
2024-03-18,420,4,189.0,28160.0,428.21,91.0,5886.0,997.0,-1516.0,2024.0,3.0,1.0,18.0
2025-08-29,15,2,450.0,10806.0,214.66,13.0,7970.0,743.0,9214.0,2025.0,8.0,3.0,29.0
2025-12-08,55,4,373.0,10712.0,185.99,41.0,1390.0,102.0,12510.0,2025.0,12.0,4.0,8.0
2025-10-04,491,4,322.0,38132.0,141.4,63.0,7175.0,947.0,-4413.0,2025.0,10.0,4.0,4.0
2024-04-14,133,1,229.0,39186.0,378.71,69.0,2292.0,943.0,7941.0,2024.0,4.0,2.0,14.0
2025-12-14,239,1,94.0,7566.0,209.55,12.0,584.0,517.0,-1177.0,2025.0,12.0,4.0,14.0
2024-11-04,267,1,325.0,7922.0,392.98,24.0,3163.0,872.0,-4565.0,2024.0,11.0,4.0,4.0
2025-12-01,292,3,81.0,37876.0,243.82,26.0,415.0,725.0,627.0,2025.0,12.0,4.0,1.0
2025-09-06,218,1,411.0,7618.0,188.26,65.0,9714.0,487.0,16489.0,2025.0,9.0,3.0,6.0
2024-05-03,104,3,115.0,19749.0,279.68,59.0,3907.0,376.0,10634.0,2024.0,5.0,2.0,3.0
2025-08-02,234,0,426.0,36103.0,130.62,72.0,8015.0,715.0,10078.0,2025.0,8.0,3.0,2.0
2024-02-12,198,4,115.0,23535.0,156.79,92.0,6369.0,604.0,17669.0,2024.0,2.0,1.0,12.0
2024-12-21,478,3,422.0,27928.0,175.46,3.0,1032.0,190.0,8274.0,2024.0,12.0,4.0,21.0
2025-11-08,372,0,189.0,43912.0,428.22,68.0,8186.0,981.0,14722.0,2025.0,11.0,4.0,8.0
2025-01-14,391,1,282.0,32823.0,331.35,40.0,8748.0,110.0,18786.0,2025.0,1.0,1.0,14.0
2025-06-02,30,0,315.0,40908.0,226.06,63.0,268.0,855.0,4922.0,2025.0,6.0,2.0,2.0
2024-12-15,104,0,96.0,3455.0,85.09,96.0,5558.0,389.0,15209.0,2024.0,12.0,4.0,15.0
2024-01-13,495,3,175.0,12285.0,111.16,21.0,918.0,435.0,6820.0,2024.0,1.0,1.0,13.0
2025-03-06,407,0,370.0,19049.0,203.28,3.0,5533.0,220.0,17631.0,2025.0,3.0,1.0,6.0
2025-05-16,27,4,159.0,27409.0,172.53,45.0,701.0,527.0,17079.0,2025.0,5.0,2.0,16.0
2024-04-18,450,2,158.0,10427.0,277.54,88.0,6643.0,234.0,17619.0,2024.0,4.0,2.0,18.0
2025-03-19,50,0,303.0,41517.0,350.04,46.0,1936.0,418.0,17121.0,2025.0,3.0,1.0,19.0
2025-10-12,286,2,497.0,45617.0,84.57,81.0,8570.0,780.0,4917.0,2025.0,10.0,4.0,12.0
2025-04-15,441,0,449.0,46459.0,482.46,39.0,7509.0,322.0,-2129.0,2025.0,4.0,2.0,15.0
2025-12-25,270,0,273.0,27327.0,7.62,31.0,8791.0,127.0,-902.0,2025.0,12.0,4.0,25.0
2024-06-05,315,1,470.0,3541.0,50.09,65.0,2440.0,478.0,-573.0,2024.0,6.0,2.0,5.0
2025-03-21,400,0,357.0,26938.0,76.94,36.0,9492.0,113.0,-4546.0,2025.0,3.0,1.0,21.0
2024-06-29,285,0,427.0,22724.0,463.3,8.0,3817.0,533.0,1252.0,2024.0,6.0,2.0,29.0
2025-06-18,264,1,58.0,46253.0,220.51,81.0,1180.0,140.0,-1333.0,2025.0,6.0,2.0,18.0
2025-10-28,171,1,79.0,16569.0,36.72,33.0,604.0,508.0,-4480.0,2025.0,10.0,4.0,28.0
2024-10-03,133,4,394.0,4230.0,114.78,50.0,2319.0,781.0,17807.0,2024.0,10.0,4.0,3.0
2025-09-22,496,0,412.0,49873.0,44.62,4.0,8010.0,370.0,1167.0,2025.0,9.0,3.0,22.0
2025-05-10,72,2,480.0,18601.0,195.24,36.0,7720.0,296.0,1856.0,2025.0,5.0,2.0,10.0
2025-04-21,219,1,40.0,25408.0,492.3,29.0,750.0,571.0,10765.0,2025.0,4.0,2.0,21.0
2025-03-22,275,0,151.0,2325.0,308.91,20.0,3976.0,740.0,16254.0,2025.0,3.0,1.0,22.0
2025-08-29,71,3,453.0,23142.0,262.9,44.0,2138.0,42.0,-244.0,2025.0,8.0,3.0,29.0
2024-10-01,179,2,345.0,20861.0,357.24,51.0,235.0,85.0,16290.0,2024.0,10.0,4.0,1.0
2024-09-08,454,3,369.0,19372.0,473.13,18.0,818.0,506.0,9279.0,2024.0,9.0,3.0,8.0
2024-03-29,389,2,453.0,33218.0,411.01,12.0,5035.0,119.0,15514.0,2024.0,3.0,1.0,29.0
2024-10-12,316,3,77.0,46625.0,321.94,94.0,1594.0,395.0,12648.0,2024.0,10.0,4.0,12.0
2025-04-06,344,1,137.0,45882.0,222.29,49.0,7474.0,291.0,1255.0,2025.0,4.0,2.0,6.0
2024-09-06,446,0,84.0,7436.0,104.85,67.0,2796.0,468.0,-2179.0,2024.0,9.0,3.0,6.0
2025-04-20,194,3,374.0,15939.0,330.16,87.0,9683.0,615.0,4860.0,2025.0,4.0,2.0,20.0
2025-08-06,25,3,174.0,9807.0,402.94,79.0,1047.0,754.0,10185.0,2025.0,8.0,3.0,6.0
2025-09-16,137,0,434.0,20692.0,146.57,81.0,1742.0,320.0,-145.0,2025.0,9.0,3.0,16.0
2025-11-15,248,2,136.0,49740.0,21.64,88.0,1870.0,704.0,10531.0,2025.0,11.0,4.0,15.0
2024-12-10,32,3,441.0,22028.0,260.33,54.0,9748.0,862.0,-4286.0,2024.0,12.0,4.0,10.0
2024-01-30,3,4,356.0,18656.0,119.68,31.0,3613.0,455.0,-1184.0,2024.0,1.0,1.0,30.0
2025-05-21,128,2,211.0,48762.0,88.89,74.0,1033.0,232.0,442.0,2025.0,5.0,2.0,21.0
2024-11-28,190,3,260.0,28313.0,22.85,20.0,3320.0,568.0,-6.0,2024.0,11.0,4.0,28.0
2024-07-05,131,4,82.0,40647.0,123.43,55.0,6983.0,418.0,19208.0,2024.0,7.0,3.0,5.0
2025-05-14,504,2,305.0,43307.0,5.14,40.0,5527.0,298.0,18022.0,2025.0,5.0,2.0,14.0
2024-08-05,89,1,333.0,6851.0,82.94,78.0,6586.0,876.0,9590.0,2024.0,8.0,3.0,5.0
2024-09-21,161,2,331.0,29948.0,390.94,58.0,1979.0,194.0,10449.0,2024.0,9.0,3.0,21.0
2024-10-13,209,3,202.0,27684.0,200.6,17.0,8943.0,72.0,9729.0,2024.0,10.0,4.0,13.0
2024-10-09,325,0,334.0,34849.0,369.78,18.0,3493.0,822.0,1597.0,2024.0,10.0,4.0,9.0
2025-07-23,491,2,416.0,25504.0,38.97,75.0,746.0,488.0,4661.0,2025.0,7.0,3.0,23.0
2024-01-11,275,2,460.0,4683.0,49.63,70.0,9717.0,962.0,13659.0,2024.0,1.0,1.0,11.0
2025-06-13,115,3,403.0,34768.0,145.82,88.0,2841.0,696.0,7836.0,2025.0,6.0,2.0,13.0
2024-07-14,83,2,57.0,11418.0,415.73,26.0,5496.0,377.0,-3332.0,2024.0,7.0,3.0,14.0
2024-03-28,241,4,216.0,5300.0,457.93,18.0,1035.0,184.0,5939.0,2024.0,3.0,1.0,28.0
2024-09-04,346,3,273.0,21389.0,177.31,40.0,1978.0,14.0,-4742.0,2024.0,9.0,3.0,4.0
2025-02-20,472,1,393.0,47502.0,481.83,89.0,4487.0,691.0,-1636.0,2025.0,2.0,1.0,20.0
2024-09-03,366,4,489.0,9889.0,101.29,18.0,2753.0,108.0,9148.0,2024.0,9.0,3.0,3.0
2025-12-08,546,3,459.0,35359.0,465.21,56.0,6060.0,406.0,8621.0,2025.0,12.0,4.0,8.0
2025-10-23,527,3,242.0,2897.0,134.25,19.0,2703.0,536.0,19152.0,2025.0,10.0,4.0,23.0
2025-12-29,225,3,496.0,12386.0,206.53,84.0,7187.0,675.0,13961.0,2025.0,12.0,4.0,29.0
2025-05-17,42,2,259.0,13632.0,57.7,73.0,3991.0,693.0,14524.0,2025.0,5.0,2.0,17.0
2025-04-03,250,0,177.0,14154.0,40.83,21.0,9535.0,88.0,18955.0,2025.0,4.0,2.0,3.0
2024-01-18,566,1,307.0,4776.0,150.65,41.0,666.0,123.0,13163.0,2024.0,1.0,1.0,18.0
2024-04-05,487,4,11.0,17350.0,473.77,9.0,2185.0,147.0,4528.0,2024.0,4.0,2.0,5.0
2024-10-28,23,2,454.0,3167.0,402.46,72.0,1637.0,405.0,-3788.0,2024.0,10.0,4.0,28.0
2024-08-14,279,1,406.0,30913.0,478.57,69.0,6162.0,411.0,10974.0,2024.0,8.0,3.0,14.0
2025-02-18,9,0,443.0,4313.0,438.68,93.0,2584.0,712.0,8096.0,2025.0,2.0,1.0,18.0
2025-11-10,199,1,244.0,18955.0,483.2,19.0,104.0,948.0,18744.0,2025.0,11.0,4.0,10.0
2025-08-18,377,2,335.0,25140.0,283.77,94.0,118.0,914.0,15037.0,2025.0,8.0,3.0,18.0
2025-01-12,274,2,350.0,31423.0,386.13,4.0,2939.0,173.0,17238.0,2025.0,1.0,1.0,12.0
2025-04-29,375,4,367.0,34103.0,379.95,98.0,1460.0,67.0,10987.0,2025.0,4.0,2.0,29.0
2025-07-20,257,3,193.0,27014.0,480.81,41.0,9727.0,373.0,2599.0,2025.0,7.0,3.0,20.0
2025-06-27,474,0,445.0,42642.0,232.13,53.0,4648.0,999.0,18405.0,2025.0,6.0,2.0,27.0
2024-12-18,425,3,42.0,9118.0,233.06,53.0,6819.0,204.0,-3011.0,2024.0,12.0,4.0,18.0
2025-07-17,183,3,283.0,3002.0,18.54,57.0,2079.0,206.0,-4377.0,2025.0,7.0,3.0,17.0
2024-12-04,73,1,213.0,16855.0,62.55,96.0,3377.0,610.0,8828.0,2024.0,12.0,4.0,4.0
2024-12-26,257,1,121.0,25409.0,38.44,82.0,2344.0,865.0,13887.0,2024.0,12.0,4.0,26.0
2024-10-04,112,1,118.0,30235.0,340.07,20.0,7379.0,239.0,-2919.0,2024.0,10.0,4.0,4.0
2024-11-09,524,4,263.0,12638.0,118.82,100.0,6750.0,859.0,3776.0,2024.0,11.0,4.0,9.0
2024-09-14,407,1,147.0,32102.0,161.29,25.0,3919.0,435.0,16243.0,2024.0,9.0,3.0,14.0
2024-08-24,298,2,175.0,39461.0,477.95,14.0,2859.0,743.0,8668.0,2024.0,8.0,3.0,24.0
2024-05-03,544,2,434.0,37132.0,260.67,17.0,616.0,512.0,10510.0,2024.0,5.0,2.0,3.0
2024-07-16,462,3,155.0,23921.0,9.81,24.0,9769.0,286.0,-1169.0,2024.0,7.0,3.0,16.0
2024-11-19,228,0,182.0,23560.0,416.93,4.0,2949.0,784.0,11213.0,2024.0,11.0,4.0,19.0
2024-05-02,53,2,290.0,11716.0,127.89,98.0,8190.0,731.0,15404.0,2024.0,5.0,2.0,2.0
2025-07-02,280,1,305.0,17951.0,51.04,79.0,1442.0,785.0,16174.0,2025.0,7.0,3.0,2.0
2025-12-07,552,1,76.0,46144.0,338.48,79.0,4934.0,596.0,6362.0,2025.0,12.0,4.0,7.0
2024-07-08,66,2,299.0,6923.0,411.43,35.0,5699.0,608.0,9690.0,2024.0,7.0,3.0,8.0
2024-07-15,156,2,446.0,19682.0,42.63,78.0,6861.0,280.0,17856.0,2024.0,7.0,3.0,15.0
2024-08-09,279,0,258.0,2798.0,466.04,73.0,74.0,775.0,9294.0,2024.0,8.0,3.0,9.0
2025-05-10,387,2,413.0,26333.0,240.89,79.0,9137.0,809.0,-4319.0,2025.0,5.0,2.0,10.0
2025-08-26,342,0,467.0,11676.0,447.69,77.0,3144.0,660.0,4437.0,2025.0,8.0,3.0,26.0
2025-06-21,48,2,359.0,38503.0,138.19,30.0,1925.0,966.0,18796.0,2025.0,6.0,2.0,21.0
2025-09-03,249,1,400.0,15045.0,473.82,30.0,8686.0,410.0,1298.0,2025.0,9.0,3.0,3.0
2024-10-16,573,2,34.0,15506.0,343.14,88.0,1567.0,365.0,10376.0,2024.0,10.0,4.0,16.0
2024-04-12,196,3,33.0,43426.0,455.41,4.0,5929.0,488.0,6267.0,2024.0,4.0,2.0,12.0
2024-07-17,490,3,60.0,15752.0,252.0,46.0,8842.0,683.0,9356.0,2024.0,7.0,3.0,17.0
2024-08-20,138,0,411.0,14548.0,369.04,89.0,3592.0,973.0,11634.0,2024.0,8.0,3.0,20.0
2024-07-02,511,2,245.0,43702.0,107.36,62.0,3409.0,497.0,14256.0,2024.0,7.0,3.0,2.0
2024-11-05,110,1,18.0,27837.0,105.37,18.0,4528.0,524.0,17445.0,2024.0,11.0,4.0,5.0
2024-01-15,46,0,73.0,34638.0,128.6,65.0,869.0,286.0,6113.0,2024.0,1.0,1.0,15.0
2025-12-26,335,5,485.0,2314.0,311.21,78.0,3173.0,151.0,14729.0,2025.0,12.0,4.0,26.0
2025-06-30,420,1,449.0,45708.0,82.22,61.0,1846.0,787.0,18435.0,2025.0,6.0,2.0,30.0
2024-05-09,72,0,90.0,1583.0,57.81,92.0,2444.0,466.0,16527.0,2024.0,5.0,2.0,9.0
2024-10-07,345,5,235.0,32070.0,460.49,84.0,7772.0,111.0,10350.0,2024.0,10.0,4.0,7.0
2024-02-16,335,0,243.0,9671.0,339.53,48.0,8151.0,126.0,-703.0,2024.0,2.0,1.0,16.0
2024-02-25,123,0,10.0,43426.0,333.39,24.0,2888.0,257.0,4613.0,2024.0,2.0,1.0,25.0
2025-07-20,508,4,500.0,12350.0,308.84,50.0,2617.0,502.0,18691.0,2025.0,7.0,3.0,20.0
2024-10-26,221,1,229.0,40396.0,383.3,63.0,706.0,510.0,18310.0,2024.0,10.0,4.0,26.0
2025-12-15,223,4,113.0,1554.0,273.03,61.0,885.0,237.0,7791.0,2025.0,12.0,4.0,15.0
2025-10-15,534,0,475.0,17540.0,243.73,21.0,4670.0,966.0,17056.0,2025.0,10.0,4.0,15.0
2025-05-17,428,1,77.0,40868.0,312.23,25.0,3433.0,138.0,16381.0,2025.0,5.0,2.0,17.0
2024-04-15,533,3,461.0,21018.0,248.71,29.0,7121.0,31.0,19070.0,2024.0,4.0,2.0,15.0
2024-01-13,97,4,342.0,47710.0,492.75,5.0,4118.0,102.0,6804.0,2024.0,1.0,1.0,13.0
2025-08-10,150,4,164.0,47489.0,449.01,53.0,5477.0,756.0,10477.0,2025.0,8.0,3.0,10.0
2024-10-18,63,2,91.0,43122.0,435.04,98.0,7424.0,55.0,309.0,2024.0,10.0,4.0,18.0
2025-04-25,96,0,457.0,19047.0,247.95,2.0,709.0,851.0,15376.0,2025.0,4.0,2.0,25.0
2025-03-27,124,1,458.0,25672.0,458.42,53.0,859.0,511.0,4255.0,2025.0,3.0,1.0,27.0
2024-12-14,113,3,150.0,23853.0,143.73,29.0,8804.0,695.0,17632.0,2024.0,12.0,4.0,14.0
2024-07-07,396,0,57.0,31080.0,114.94,96.0,2881.0,28.0,19551.0,2024.0,7.0,3.0,7.0
2024-02-22,100,3,345.0,17514.0,290.45,86.0,2589.0,996.0,-2176.0,2024.0,2.0,1.0,22.0
2024-09-15,499,2,194.0,15300.0,31.8,26.0,476.0,184.0,16858.0,2024.0,9.0,3.0,15.0
2025-05-04,498,4,138.0,31585.0,400.64,97.0,7947.0,392.0,10823.0,2025.0,5.0,2.0,4.0
2024-03-07,45,0,200.0,45380.0,272.68,9.0,1901.0,696.0,678.0,2024.0,3.0,1.0,7.0
2025-02-14,116,4,350.0,35120.0,253.73,23.0,1160.0,335.0,1536.0,2025.0,2.0,1.0,14.0
2025-05-18,506,3,472.0,41868.0,199.89,57.0,3855.0,157.0,122.0,2025.0,5.0,2.0,18.0
2024-03-16,417,3,342.0,27027.0,344.74,79.0,7287.0,311.0,14849.0,2024.0,3.0,1.0,16.0
2025-10-06,301,4,36.0,7705.0,488.37,89.0,9498.0,639.0,-1694.0,2025.0,10.0,4.0,6.0
2025-12-03,495,3,212.0,1481.0,350.63,42.0,5340.0,99.0,8630.0,2025.0,12.0,4.0,3.0
2024-02-24,369,1,330.0,34522.0,232.73,59.0,6865.0,779.0,11178.0,2024.0,2.0,1.0,24.0
2024-06-04,499,0,166.0,44408.0,346.16,32.0,3256.0,79.0,4950.0,2024.0,6.0,2.0,4.0
2024-06-01,380,3,381.0,25525.0,10.85,55.0,5336.0,677.0,2691.0,2024.0,6.0,2.0,1.0
2025-07-30,290,1,368.0,37795.0,109.32,52.0,3769.0,770.0,1862.0,2025.0,7.0,3.0,30.0
2024-11-07,455,1,396.0,43424.0,292.6,100.0,1804.0,533.0,13246.0,2024.0,11.0,4.0,7.0
2024-03-28,370,4,129.0,39913.0,166.09,6.0,5343.0,786.0,-3459.0,2024.0,3.0,1.0,28.0
2024-09-11,579,1,229.0,40914.0,308.33,78.0,3731.0,505.0,-4406.0,2024.0,9.0,3.0,11.0
2024-05-01,421,3,345.0,19525.0,133.55,95.0,1606.0,812.0,6756.0,2024.0,5.0,2.0,1.0
2025-07-25,413,2,56.0,20560.0,276.54,49.0,3884.0,478.0,3546.0,2025.0,7.0,3.0,25.0
2025-03-02,205,0,370.0,45853.0,122.38,93.0,6759.0,207.0,6699.0,2025.0,3.0,1.0,2.0
2025-09-12,567,3,58.0,8084.0,238.32,41.0,3276.0,301.0,17181.0,2025.0,9.0,3.0,12.0
2024-08-04,291,0,365.0,27482.0,479.78,51.0,5875.0,122.0,13252.0,2024.0,8.0,3.0,4.0
2024-03-24,233,2,46.0,45614.0,92.42,72.0,5503.0,323.0,17614.0,2024.0,3.0,1.0,24.0
2024-09-27,398,0,298.0,32177.0,434.35,58.0,8015.0,113.0,145.0,2024.0,9.0,3.0,27.0
